location_prefix,count
龙城镇仲李村,596
黄淮市场西区,193
黄河路金色龙湾立华公寓,277
鹿邑县高集乡高集大街,105
鹿邑县马铺镇马南行政村马南,160
鹿邑县辛集镇辛兴办事处,124
鹿邑县观堂镇观堂集,152
鹿邑县紫气大道西段,184
鹿邑县紫气大道东段,106
鹿邑县真源大道南段,179
鹿邑县真源大道北段,217
鹿邑县栾台路中段,161
鹿邑县卫真路西段,143
鹿邑县卫真路东段,182
鹿邑县伯阳路东段,110
鹤壁市淇滨区贸易一区,104
鹤壁市淇滨区天泰市场,113
鹤壁市淇滨区,132
鲁山县马楼乡马楼街,154
鲁山县辛集乡辛集街,108
鲁山县辛集乡程村,115
鲁山县观音寺乡观音寺街,135
鲁山县董周乡董村街,110
鲁山县磙子营乡磙子营街,119
鲁山县瓦屋乡瓦屋街,136
鲁山县张良镇张良街,127
鲁山县张官营镇张官营街,122
鲁山县尧山镇尧山街,159
鲁山县墨子商场内环,113
鲁山县下汤镇老街村,183
鲁山县下汤镇新街村,194
魏都区解放路,108
魏都区北关社区,116
魏都区五一路,126
高新区后营村,103
高新区五金交电大世界,130
高平镇高平集,102
驿城区乐山路中段,394
驻马店市驿城区顺河乡马庄村委,118
驻马店市驿城区贸易广场,147
驻马店市驿城区蚁蜂镇蚁蜂街,266
驻马店市驿城区浙江商贸城,346
驻马店市驿城区水屯镇水屯街,125
驻马店市驿城区富强路北段,173
驻马店市驿城区众信市场,435
驻马店市驿城区乐山路南段西刘庄市场,148
驻马店市金河,189
驻马店市金山,338
驻马店市泌阳县付庄乡开元路,2859
驻马店市正阳县铜钟镇铜钟街,174
驻马店市正阳县大林镇大林街,134
驻马店市开发区建业市场,116
驻马店市开发区关王庙乡,139
驻马店市开发区乐山路北段,106
马村乡龙马社区,131
项城市西大街,218
项城市范集街,103
项城市秣陵镇西大街,129
项城市建材大世界,111
项城市孙店东街,134
项城市南大街,132
项城市交通西路,104
项城市东大街,180
韭园镇湾赵街,103
青龙背街,110
陕州区西站商贸城,129
陕县西张村镇张村街,124
陈淋子镇街道,125
长葛市老城镇和平社区,250
长葛市石固镇朝阳村,122
长葛市大周镇赵庄村,123
长葛市大周镇小谢庄村,105
长葛市大周镇大周村,221
长葛市大周镇和尚杨村,118
长葛市大周镇双庙李村,116
长葛市和尚桥镇于井村,116
长葛市后河镇后河村,165
镇平县贾宋镇车站路北段,131
镇平县贾宋镇车站路,474
镇平县贾宋镇文化市场,871
镇平县贾宋镇华鑫市场,244
镇平县贾宋镇华星市场,1454
镇平县老庄镇寺庄街,110
镇平县石佛寺镇玉博苑市场,115
镇平县石佛寺镇玉之友商贸城,590
镇平县石佛寺镇榆树庄批发市场,132
镇平县石佛寺镇新民路,130
镇平县石佛寺镇宝玉城,187
镇平县石佛寺镇国际玉城,117
镇平县曲屯镇曲屯街,121
镇平县建设大道东段,103
铁门镇庙头村,104
金水区金水路,126
金水区南阳路,179
金水区优胜南路,117
鄢陵县只乐镇西只乐村,101
郾城区龙城镇大军王村,287
郾城区龙城镇十五里店村,124
郾城区黄河路西段,173
郾城区黄河路中段,1302
郾城区黄河中段,130
郾城区辽河路西段,478
郾城区辽河路,259
郾城区裴城镇裴城村,103
郾城区裴城镇苏侯村,190
郾城区裴城镇三丁村,203
郾城区舟山路中段,465
郾城区淞江街道香陈湾村,354
郾城区淞江街道英张社区,415
郾城区淞江街道小赵村,191
郾城区海河路西段,173
郾城区海河路中段,216
郾城区沙北黄河路中段,115
郾城区沙北崂山路中段,107
郾城区李集镇魏李村,120
郾城区李集镇陈西村,150
郾城区李集镇陈东村,120
郾城区李集镇郭东村,101
郾城区李集镇老集村,210
郾城区李集镇潘付刘村,104
郾城区李集镇李集村,418
郾城区李集镇大宋村,336
郾城区李集镇位李村,110
郾城区李集乡李集村,172
郾城区新都市场,156
郾城区新店镇闫李村,250
郾城区新店镇薛庄村,197
郾城区新店镇游庄村,144
郾城区新店镇春庄村,107
郾城区新店镇新店村,484
郾城区新店镇尧河庙村,149
郾城区新店镇周石黄村,237
郾城区新店镇前丁村,210
郾城区崂山路中段,104
郾城区孟庙镇路堂村,283
郾城区孟庙镇潘北村,115
郾城区孟庙镇沈赵村,138
郾城区孟庙镇杜李村,299
郾城区孟庙镇新郑村,226
郾城区孟庙镇坡陈村,160
郾城区孟庙镇八里村,473
郾城区孟庙镇三周村,176
郾城区商桥镇大杨村,101
郾城区商桥镇商南村,356
郾城区商桥镇商东村,147
郾城区商桥镇刘孟村,132
郾城区井冈山路,138
郸城县钱店镇王君庄村,293
郸城县钱店镇张寨,145
郸城县钱店镇孙堂村一组,118
郸城县钱店镇前杨集一组,128
郸城县钱店镇前杨集,300
郸城县胡集乡胡集村,115
郸城县胡集乡罗屯,153
郸城县胡集乡武河沟村,165
郸城县胡集乡晋岗村,194
郸城县胡集乡大任庄,490
郸城县胡集乡史桥村,203
郸城县白马镇白马集,641
郸城县白马镇电商产业园D栋第五排,115
郸城县白马镇电商产业园C栋三排,135
郸城县白马镇电商产业园C栋,184
郸城县白马镇电商产业园B栋第,160
郸城县白马镇电商产业园B栋三排,150
郸城县白马镇电商产业园A栋第,458
郸城县白马镇刘楼行政村刘楼村,254
郸城县汲冢镇郑集村,122
郸城县汲冢镇徐洼村,131
郸城县汲冢镇孙庄村,107
郸城县汲冢镇史庄村,201
郸城县汲冢镇,239
郸城县宜路镇王康楼村一组,216
郸城县宜路镇牛庄村一组,185
郸城县宜路镇段庄村一组,478
郸城县宜路镇左庄村一组,240
郸城县宜路镇前陈村一组,138
郸城县宜路镇刘老庄村一组,112
郸城县宜路镇三里村一组,183
郸城县宁平镇梁崔村,200
郸城县宁平镇杨中楼村,214
郸城县城郊乡,408
郸城县城关镇支农路,233
郸城县城丹成大道,165
郸城县吴台镇段岭集,118
郸城县吴台镇杨河湾村,118
郸城县吴台镇晋菜园,193
郸城县吴台镇孙楼村,216
郸城县南丰镇宋庄村,263
郸城县南丰镇商贸城,163
郸城县久鸿农贸市场西区,202
郸城县万洋魅力广场,158
郑州高新技术产业开发区长椿路,663
郑州高新技术产业开发区银屏路,163
郑州高新技术产业开发区金梭路,483
郑州高新技术产业开发区西四环,125
郑州高新技术产业开发区西三环路,406
郑州高新技术产业开发区西三环,145
郑州高新技术产业开发区莲花街,664
郑州高新技术产业开发区翠竹街,572
郑州高新技术产业开发区红叶路,109
郑州高新技术产业开发区科学大道,820
郑州高新技术产业开发区电厂路,422
郑州高新技术产业开发区瑞达路,486
郑州高新技术产业开发区玉兰街,231
郑州高新技术产业开发区梧桐街,187
郑州高新技术产业开发区枫杨街,116
郑州高新技术产业开发区冬青街,377
郑州高新技术产业开发区五龙口南路,122
郑州高新区长椿路,618
郑州高新区银屏路,277
郑州高新区金菊街,117
郑州高新区金梭路,335
郑州高新区郁香路,115
郑州高新区迎春街,242
郑州高新区莲花街,340
郑州高新区翠竹街,416
郑州高新区红叶路,179
郑州高新区科学大道,408
郑州高新区电厂路,487
郑州高新区瑞达路,564
郑州高新区玉兰街,290
郑州高新区牡丹路,114
郑州高新区漳河路,106
郑州高新区梧桐街,106
郑州高新区枫杨街,271
郑州高新区朗悦公园茂U-,107
郑州高新区国槐街,239
郑州高新区合欢街,168
郑州高新区冬青街,248
郑州高新区五龙口南路,136
郑州高新区万达广场室内步行街,130
郑州航空港区龙港办事处八岗村,427
郑州航空港区鑫荣中央金地A,222
郑州航空港区豫康新城,399
郑州航空港区沃金商业广场商业,108
郑州航空港区沃金商业广场,290
郑州航空港区新港办事处航南新城,118
郑州航空港区张庄办事处张庄村西街,190
郑州航空港区张庄办事处张庄村南街,461
郑州航空港区张庄办事处张庄村北街,170
郑州航空港区张庄办事处张庄村东街,157
郑州航空港区张庄办事处张庄村,343
郑州航空港区张庄办事处张庄南街,121
郑州航空港区富鑫公寓,202
郑州航空港区华鸿小区,196
郑州航空港区北港商业中心,116
郑州航空港区冯堂办事处冯堂村,131
郑州航空港区三官庙办事处三官庙村,397
郑州航空港区,207
郑州经济技术开发区航海东路,2183
郑州经济技术开发区经南二路,124
郑州经济技术开发区经南九路,121
郑州经济技术开发区经北二路,770
郑州经济技术开发区经北一路,181
郑州经济技术开发区第八大街,224
郑州经济技术开发区第五大街,203
郑州经济技术开发区第二大街,104
郑州经济技术开发区第三大街,188
郑州经济技术开发区第七大街,142
郑州经济技术开发区潮河办事处第十四大街,149
郑州经济技术开发区潮河办事处第十五大街,149
郑州经济技术开发区潮河办事处第十三大街,163
郑州经济技术开发区正商经开广场,135
郑州经济技术开发区朝凤路,287
郑州经济技术开发区商英街,169
郑州经济技术开发区京航办事处蒋冲村,191
郑州经济技术开发区京航办事处大孙庄村,142
郑州经济技术开发区九龙办事处芦医庙大街,132
郑州经济技术开发区九龙办事处新亚社区芦医庙大街,155
郑州市高新区科学大道,119
郑州市金水区黄河路,2134
郑州市金水区顺河路,592
郑州市金水区青年路张庄社区,462
郑州市金水区青年路,307
郑州市金水区陈砦花卉市场盆花区,113
郑州市金水区鑫苑路,560
郑州市金水区鑫苑西路,305
郑州市金水区金水路,2294
郑州市金水区金杯路,108
郑州市金水区郑花路,3072
郑州市金水区郑汴路陈砦花卉商场,122
郑州市金水区郑汴路,855
郑州市金水区贾鲁河南路,396
郑州市金水区贾鲁河北路,175
郑州市金水区西里路,137
郑州市金水区西太康路,489
郑州市金水区英协路,369
郑州市金水区花园路西、农科路北,108
郑州市金水区花园路与天伦路交叉口花园茶城,121
郑州市金水区花园路,3938
郑州市金水区花园北路,353
郑州市金水区翠花路,406
郑州市金水区群英路,275
郑州市金水区群办路,109
郑州市金水区经六路,135
郑州市金水区经八路,464
郑州市金水区经五路,852
郑州市金水区经二路,135
郑州市金水区经三路北段,196
郑州市金水区经三路北,1355
郑州市金水区经三路,1422
郑州市金水区经三北路,243
郑州市金水区经七路,656
郑州市金水区经一路北,183
郑州市金水区经一路,124
郑州市金水区纬四路,280
郑州市金水区纬五路,722
郑州市金水区纬二路,173
郑州市金水区纬三路,103
郑州市金水区纬一路,162
郑州市金水区红旗路,555
郑州市金水区红专路,1107
郑州市金水区紫荆山路,616
郑州市金水区索凌路,944
郑州市金水区科技市场百脑汇,148
郑州市金水区科技市场电子大厦,152
郑州市金水区福彩路,424
郑州市金水区福元路,187
郑州市金水区玉凤路,379
郑州市金水区渠东路与水科路交叉口向东,127
郑州市金水区海滩街,155
郑州市金水区沙口路,1435
郑州市金水区水科路,142
郑州市金水区民航路,295
郑州市金水区林科路,268
郑州市金水区杨金路,179
郑州市金水区未来路,250
郑州市金水区未来大道,162
郑州市金水区朝阳路,135
郑州市金水区普庆路,392
郑州市金水区晨旭路,400
郑州市金水区文博西路,361
郑州市金水区文博东路东、东风路南,132
郑州市金水区文博东路,286
郑州市金水区文化路,4623
郑州市金水区文化北路,1213
郑州市金水区政六街,314
郑州市金水区政七街,439
郑州市金水区建业路建业城市花园,101
郑州市金水区建业路,140
郑州市金水区广电南路,259
郑州市金水区嵩山北路,112
郑州市金水区岗杜街,135
郑州市金水区岗杜北街,140
郑州市金水区宏达路宏达国际车业广场,280
郑州市金水区宏达路,129
郑州市金水区宏达街,496
郑州市金水区宏祥路,148
郑州市金水区宏泰路,150
郑州市金水区宏康路,361
郑州市金水区宋砦小区,373
郑州市金水区孟砦北街,101
郑州市金水区姚砦路,459
郑州市金水区天明路,1250
郑州市金水区天伦路,439
郑州市金水区城北路,152
郑州市金水区城东路,260
郑州市金水区国基路,3712
郑州市金水区园田路,821
郑州市金水区同乐路,169
郑州市金水区双铺路,149
郑州市金水区卫生路,705
郑州市金水区博颂路,807
郑州市金水区南阳路,3846
郑州市金水区南丰街,173
郑州市金水区北环路,2104
郑州市金水区北二七路,210
郑州市金水区北三环,778
郑州市金水区勤工路,503
郑州市金水区凤台路,239
郑州市金水区农科路北、科明路东,181
郑州市金水区农科路,1244
郑州市金水区农业路东,1040
郑州市金水区农业路,1673
郑州市金水区兴达路,189
郑州市金水区健康路商贸不夜区,128
郑州市金水区健康路,392
郑州市金水区俭学街,173
郑州市金水区信息学院路,116
郑州市金水区信基建材家具城,110
郑州市金水区优胜南路,293
郑州市金水区优胜北路,226
郑州市金水区任砦北街,173
郑州市金水区人民路,635
郑州市金水区二环支路,161
郑州市金水区二七路丹尼斯大卫城,109
郑州市金水区丰庆路,2716
郑州市金水区丰产路,1154
郑州市金水区丰乐路,648
郑州市金水区中方园路,653
郑州市金水区中州大道,663
郑州市金水区东风路街道索凌路,442
郑州市金水区东风路街道文化路,1602
郑州市金水区东风路街道天明路,684
郑州市金水区东风路街道园田路,215
郑州市金水区东风路街道博颂路宋砦小区,146
郑州市金水区东风路街道博颂路,860
郑州市金水区东风路街道勤工路,232
郑州市金水区东风路街道信息学院路,162
郑州市金水区东风路街道丰庆路,331
郑州市金水区东风路街道东风路,3106
郑州市金水区东风路南、文博东路东,102
郑州市金水区东风路东段,198
郑州市金水区东风路东,239
郑州市金水区东风路,3841
郑州市金水区东里路,356
郑州市金水区东明路北,244
郑州市金水区东明路,317
郑州市金水区东三街北段,178
郑州市金水区东三街信基生活广场,148
郑州市金水区东三街,203
郑州市金水区三全路,1912
郑州市郑东新区龙子湖街道木华广场B座,114
郑州市郑东新区龙子湖办事处陈三桥社区,146
郑州市郑东新区龙子湖办事处薛岗社区,125
郑州市郑东新区龙子湖办事处薛夏南街,169
郑州市郑东新区龙子湖办事处薛夏北街,104
郑州市郑东新区龙子湖办事处磨李社区,286
郑州市郑东新区龙子湖办事处汇艺悦公馆,139
郑州市郑东新区龙子湖办事处木华广场,278
郑州市郑东新区龙子湖办事处时埂社区,199
郑州市郑东新区龙子湖办事处小孟庄社区,110
郑州市郑东新区龙子湖办事处夏庄社区,139
郑州市郑东新区龙子湖办事处博学路,197
郑州市郑东新区龙子湖办事处前牛岗社区,193
郑州市郑东新区黄河南路东祥盛街南,107
郑州市郑东新区黄河东路,219
郑州市郑东新区金水东路,2092
郑州市郑东新区金庄社区,156
郑州市郑东新区通泰路蓝天空港,108
郑州市郑东新区通泰路,646
郑州市郑东新区第十街东,141
郑州市郑东新区福禄路,106
郑州市郑东新区福禄街,190
郑州市郑东新区祭城社区,268
郑州市郑东新区祭城办事处祭城社区心怡路,133
郑州市郑东新区祭城办事处正光路,151
郑州市郑东新区祥盛街,841
郑州市郑东新区盛和街,352
郑州市郑东新区白庄社区,268
郑州市郑东新区熊儿河路,121
郑州市郑东新区永平路,471
郑州市郑东新区民生路,142
郑州市郑东新区正光路,234
郑州市郑东新区正光北街,147
郑州市郑东新区普惠路,481
郑州市郑东新区心怡路,199
郑州市郑东新区康平路,519
郑州市郑东新区平安大道,135
郑州市郑东新区崔庄社区,152
郑州市郑东新区宏图街,148
郑州市郑东新区如意湖办事处商务外环路,273
郑州市郑东新区如意湖办事处商务内环路,391
郑州市郑东新区如意湖办事处商务内环,128
郑州市郑东新区天赋路,750
郑州市郑东新区地润路,420
郑州市郑东新区商鼎路,756
郑州市郑东新区商都路,4927
郑州市郑东新区商务外环路,781
郑州市郑东新区商务外环,201
郑州市郑东新区商务内环路,848
郑州市郑东新区商务内环,168
郑州市郑东新区博学路,142
郑州市郑东新区十里铺街,292
郑州市郑东新区农业南路,198
郑州市郑东新区农业东路,889
郑州市郑东新区兴荣街,195
郑州市郑东新区五洲小区,250
郑州市郑东新区七里河南路,283
郑州市航空港区新港办事处航南新城,138
郑州市管城回族区郑汴路,112
郑州市管城回族区紫荆山路,356
郑州市管城回族区商城东路,104
郑州市管城区青年路,150
郑州市管城区陇海路,268
郑州市管城区陇海东路,890
郑州市管城区锦荣商贸城中区二层,129
郑州市管城区锦荣商贸城中区一层,111
郑州市管城区锦荣商贸城东区一层,111
郑州市管城区银基广场负一楼F,224
郑州市管城区银基广场C,747
郑州市管城区银基广场,366
郑州市管城区金城街,194
郑州市管城区郑汴路,1638
郑州市管城区货站街,188
郑州市管城区货栈街,294
郑州市管城区货栈北街,273
郑州市管城区豫英路,148
郑州市管城区豫泰商厦三楼,104
郑州市管城区豫泰商厦一楼,184
郑州市管城区豫丰街,112
郑州市管城区西大街,341
郑州市管城区花寨路,135
郑州市管城区航海东路,2293
郑州市管城区腾飞路,208
郑州市管城区紫辰路,219
郑州市管城区紫荆山路,1644
郑州市管城区紫东路,167
郑州市管城区石化路,372
郑州市管城区百荣世贸商城D座四层D,101
郑州市管城区百荣世贸商城D座二层D,102
郑州市管城区百荣世贸商城D座一层D,141
郑州市管城区百荣世贸商城C,312
郑州市管城区港湾路,593
郑州市管城区未来路,344
郑州市管城区新郑路,500
郑州市管城区文治路与姚庄南路交叉口紫东钢铁企业园,297
郑州市管城区文治路,214
郑州市管城区文兴路,104
郑州市管城区城南路,139
郑州市管城区城东路,454
郑州市管城区城东南路,718
郑州市管城区商城路,389
郑州市管城区商城东路,305
郑州市管城区南曹乡南曹村,125
郑州市管城区南四环与京广路交叉口西南角百荣世贸商城C,102
郑州市管城区南关街,248
郑州市管城区十八里河镇大王庄村,102
郑州市管城区十八里河镇南小李庄农贸市场,103
郑州市管城区十八里河镇刘湾村,107
郑州市管城区凤凰路,111
郑州市管城区二里岗南街,177
郑州市管城区乔家门,151
郑州市管城区中州大道,302
郑州市管城区东明路,479
郑州市管城区东太康路,135
郑州市管城区东大街,525
郑州市管城区东三马路,364
郑州市惠济区长兴路,346
郑州市惠济区金杯路,108
郑州市惠济区迎宾路,219
郑州市惠济区英才街,218
郑州市惠济区花园口家具城,190
郑州市惠济区绿源路,119
郑州市惠济区电厂路,124
郑州市惠济区生产路,245
郑州市惠济区怡丰新都汇,116
郑州市惠济区开元路,154
郑州市惠济区天河路,119
郑州市惠济区南阳路,1367
郑州市惠济区兴隆铺路,247
郑州市惠济区信基调味食品城冻品鲜活交易中心,120
郑州市惠济区信基调味食品城,455
郑州市惠济区中部两岸海鲜港A,126
郑州市惠济区中原物流港交易大厅,117
郑州市惠济区中原物流港,156
郑州市惠济区三全路,140
郑州市二七区马寨镇东方路,136
郑州市二七区陇海中路,537
郑州市二七区陇海东路,444
郑州市二七区长江路,202
郑州市二七区长江中路,938
郑州市二七区长江东路,132
郑州市二七区铭功路,955
郑州市二七区铁英街,194
郑州市二七区钱塘衣城,508
郑州市二七区金城服饰广场负,104
郑州市二七区金城服饰广场,235
郑州市二七区郑航街,124
郑州市二七区郑密路,489
郑州市二七区连云路,305
郑州市二七区贺江路,113
郑州市二七区解放路,183
郑州市二七区西陈庄后街,116
郑州市二七区西陈庄前街,147
郑州市二七区苑陵街,627
郑州市二七区航海路,221
郑州市二七区航海中路,870
郑州市二七区福寿街,1017
郑州市二七区祥云路,130
郑州市二七区碧云路,310
郑州市二七区煤厂北拐,133
郑州市二七区淮河路,135
郑州市二七区淮河东路,126
郑州市二七区淮南街,223
郑州市二七区淮北街,101
郑州市二七区汝河路,193
郑州市二七区永安街,263
郑州市二七区民安路,121
郑州市二七区民主路,272
郑州市二七区棉纺东路,371
郑州市二七区桃源路,183
郑州市二七区新圃西街,102
郑州市二七区政通路,840
郑州市二七区恒泰服饰广场,241
郑州市二七区德化街,363
郑州市二七区康复前街,200
郑州市二七区庆丰街,321
郑州市二七区幸福路,116
郑州市二七区工人路,137
郑州市二七区嵩山南路,1193
郑州市二七区天隆服装城,275
郑州市二七区大学路,1076
郑州市二七区大学南路锦荣轻纺城,203
郑州市二七区大学南路,1478
郑州市二七区大学北路,156
郑州市二七区大学中路,379
郑州市二七区大同路,213
郑州市二七区勤劳街,176
郑州市二七区兴隆街,101
郑州市二七区兴华南街,719
郑州市二七区兴华北街,157
郑州市二七区保全街,131
郑州市二七区侯寨乡郑密路中段,107
郑州市二七区侯寨乡郑密路中原第一城B区,207
郑州市二七区侯寨乡郑密路中原第一城A区,101
郑州市二七区侯寨乡中原粮油市场,102
郑州市二七区京广鞋城,154
郑州市二七区京广路,121
郑州市二七区京广南路,592
郑州市二七区京广中路,160
郑州市二七区交通路,416
郑州市二七区二马路,293
郑州市二七区二道街,236
郑州市二七区二七路,510
郑州市二七区中原路,156
郑州市二七区中原国际鞋城,167
郑州市二七区中原东路,174
郑州市二七区世贸购物中心M,206
郑州市二七区世贸购物中心B,165
郑州市二七区一马路,140
郑州市中牟县刘集镇创智中心,3613
郑州市中原区颖河路,138
郑州市中原区陇海西路,359
郑州市中原区郑上路中段,131
郑州市中原区郑上路,381
郑州市中原区西站路,109
郑州市中原区航海西路,127
郑州市中原区秦岭路,485
郑州市中原区电厂路,216
郑州市中原区煤机路,101
郑州市中原区煤仓北路,118
郑州市中原区淮河路,208
郑州市中原区汝河路,343
郑州市中原区汝河小区,132
郑州市中原区棉纺西路,867
郑州市中原区桐柏路,574
郑州市中原区桐柏南路,460
郑州市中原区桐柏北路,277
郑州市中原区建设西路,850
郑州市中原区工农路,104
郑州市中原区工人路,323
郑州市中原区嵩山北路,137
郑州市中原区岗坡路,152
郑州市中原区友爱路,126
郑州市中原区华山路,310
郑州市中原区前进路,283
郑州市中原区冉屯路,148
郑州市中原区六厂前街,114
郑州市中原区元通纺织城,112
郑州市中原区伏牛路,218
郑州市中原区伊河路,147
郑州市中原区中原西路,597
郑州市中原区中原中路,1188
郑州市上街区济源路,144
郑州市上街区新乡路新农贸市场A,153
郑州市上街区中心路,174
郏县黄道镇黄南村,113
郏县堂街镇堂西村,228
郏县冢头镇西寨村,122
郎中乡郎中集,119
邓州市穰东镇仲景路,120
邓州市穰东镇东街,145
邓州市穰东镇三市场,137
邓州市白牛镇白牛街,247
邓州市白牛乡白牛街,101
邓州市汲滩镇元庄街,251
邓州市新风市场,167
遂平县花庄街,144
遂平县石寨铺街,266
遂平县玉山镇玉山街,265
遂平县槐树乡槐树街,219
遂平县文城街,156
遂平县文城乡文城街,181
遂平县嵖岈山镇,182
遂平县国际商城内,260
遂平县商贸城内,267
遂平县商贸城,132
遂平县凤鸣谷风景区张台街,267
遂平县 国际商城内,121
遂平县 商贸城内,263
通许县金达商贸城,123
通许县解放路,248
通许县行政路,228
通许县竖岗镇竖岗村,215
通许县玉皇庙镇玉皇庙街,125
通许县朱砂镇朱砂街,120
通许县文卫路,342
通许县幸福路,108
通许县四所楼镇四所楼街,271
通许县咸平市场,188
通许县华保市场,116
通许县北阁路,203
通许县北开发区,240
通许县人民路,191
通许县东开发区,348
辛村镇南辛村,107
辉县市张村乡裴寨村,1383
辉县市城南农贸市场,336
赵集镇赵集街,160
赵村乡人民路,661
许昌市魏都区解放路,140
许昌市魏都区华佗路,122
许昌市邓庄乡万洲大都汇家居建材城,107
许昌市解放路魏都农贸市场,103
许昌市解放路南段,144
许昌市解放路,115
许昌市新兴路,113
许昌市建安区苏桥镇南村,120
许昌市建安区张潘镇张三社区,115
许昌市建安区张潘镇张三村,106
许昌市建安区城南纺织品城,120
许昌市建安区五女店镇北街村,110
许昌市东城区许都路,138
西平县芦庙乡芦庙街,114
西平县服装城,176
西平县师灵镇师灵街,112
西平县专探乡专探街,122
西平县,134
西峡县龙乡路,300
西峡县阳城镇阳城村,162
西峡县西坪镇西坪街,157
西峡县莲花街道莲花北路,192
西峡县莲花街道电厂路,104
西峡县莲花街道建设路,101
西峡县紫金街道紫金路,116
西峡县紫金街道白羽路,163
西峡县紫金街道桃园路,118
西峡县紫金街道师范路,103
西峡县紫金街道北大街,317
西峡县紫金街道伏牛路,132
西峡县紫金街道人民路,172
西峡县稻香路,299
西峡县白羽街道莲花南路,261
西峡县白羽街道白羽南路,387
西峡县白羽街道建设路,410
西峡县白羽街道南大街,284
西峡县白羽街道农贸市场一区,132
西峡县白羽街道农贸市场,227
西峡县白羽街道仲景路,413
西峡县白羽北路,118
西峡县工业大道,347
西峡县封湾村,212
西峡县五里桥镇葛营村,184
西峡县五里桥街,323
西峡县丹水镇交通街,133
西峡县世纪大道,307
西华县迟营乡街道,103
襄城县麦岭镇麦岭街,115
襄城县首山市场,124
襄城县范湖乡范西村,138
襄城县紫云镇孙祠堂村,106
襄城县汾陈乡汾陈村,101
裴城镇苏侯村,193
裴城镇三丁村,102
虞城县黄冢乡西街村,194
虞城县黄冢乡西街,130
虞城县黄冢乡人民路路东,112
虞城县黄冢乡人民路,228
虞城县闻集乡闻集村,185
虞城县镇里固乡大街,112
虞城县谷熟镇南头村,107
虞城县谷熟镇北头村,161
虞城县谷熟镇中街村,148
虞城县芒种桥乡芒种桥村,507
虞城县站集镇曙光西村,216
虞城县稍岗镇稍岗村,318
虞城县稍岗乡稍岗村,173
虞城县界沟镇范庄,234
虞城县田庙乡田庙街,111
虞城县杨集镇谢庄村,192
虞城县杨集镇楚庄村,223
虞城县杨集镇杨集村,148
虞城县杨集镇朱屯村,153
虞城县杜集镇北街村,192
虞城县李老家乡张关庙村,286
虞城县李老家乡张关庙市场,183
虞城县李老家乡张关庙,163
虞城县木兰镇肖庄村,126
虞城县木兰镇大高楼村,198
虞城县木兰镇周庄村,103
虞城县张集镇张集村,543
虞城县张集镇大街,192
虞城县店集乡西刘村,126
虞城县店集乡店集村,251
虞城县嵩山路西段北侧,175
虞城县大侯镇营盘村,165
虞城县大侯镇花寺村,126
虞城县城郊乡木兰大道中段北侧,110
虞城县城郊乡木兰大道东段南侧,112
虞城县城关镇胜利路西段南侧,123
虞城县城关镇胜利路西段北侧,128
虞城县城关镇胜利路中段北侧,126
虞城县城关镇胜利路东段北侧,175
虞城县城关镇小学路西段北侧,103
虞城县城关镇大同路西段南侧,111
虞城县城关镇大同路西段北侧,174
虞城县城关镇大同路中段南侧,116
虞城县城关镇大同路中段北侧,119
虞城县城关镇人民路南段西侧,130
虞城县城关镇人民路南段东侧,141
虞城县古王集乡探花路西侧,214
虞城县古王集乡南街路北,1118
虞城县古王集乡南祝庄村,101
虞城县古王集乡东街路北,233
虞城县刘集乡大街,165
虞城县刘店乡刘楼村,109
虞城县刘店乡刘店村,210
虞城县乔集乡大街,445
虞城县乔集乡乔集大街,173
蔡州商城二区,110
获嘉县冯庄镇冯庄村,108
荥阳市高村乡高村街,228
荥阳市贾峪镇楚村,115
荥阳市杨五楼市场,110
荥阳市城关乡李克寨,135
荥阳市京城农贸市场,105
荥阳市五洲城A,325
荥阳市乔楼镇乔楼街,106
舞阳县马村乡马村街,253
舞阳县青岛路工业园,114
舞阳县辛安镇辛安街路北,115
舞阳县舞泉镇商贸城,153
舞阳县章化乡朱左村一组,220
舞阳县章化乡军李村一组,204
舞阳县曹孟村,144
舞阳县北舞渡镇三村,115
舞阳县侯集镇侯苏路,414
舞阳县侯集镇侯安路,201
舞阳县侯集乡和谐路,119
胜利菜市,137
老城区环城西路,137
老城区唐宫东路,103
老君庵五金电料大市场,110
罗山县青山镇双桥街,150
罗山县朱堂乡朱堂街,124
罗山县山店乡山店街,116
罗山县定远乡定远街,188
罗山县周党镇周党街,145
练寺镇南北街,101
红旗区洪门大学城市场,166
红旗区平原路,113
管城回族区乔家门,161
立华公寓,617
禹州市鸿畅镇鸿南村,238
禹州市鸿畅镇鸿北村,202
禹州市鸠山镇唐庄村,162
禹州市颍河大街,192
禹州市颍川街道金坡社区府东路,200
禹州市颍川街道大同路,140
禹州市颍川街道东商贸南,142
禹州市颍川街道东商贸,122
禹州市颍川街道东关社区东关,112
禹州市顺店镇顺东社区,152
禹州市顺店镇顺东村,174
禹州市钧州大街,164
禹州市钧台街道钧州大街,102
禹州市钧台街道花园村,101
禹州市钧台街道建设北路,112
禹州市郭连镇郭西村,173
禹州市郭连镇商博城,122
禹州市远航路,131
禹州市范坡镇范坡村,189
禹州市苌庄乡苌庄村,244
禹州市花石镇花南村,152
禹州市花石镇花北村,114
禹州市花石镇白北村,115
禹州市神垕镇解放路,327
禹州市神垕镇东环路,117
禹州市磨街乡磨街村,113
禹州市火龙镇火龙村,216
禹州市火龙镇扇刘村,103
禹州市浅井镇浅井村,180
禹州市浅井镇扒村,144
禹州市浅井乡浅井村,121
禹州市梁北镇梁北村,103
禹州市无梁镇路口村,141
禹州市无梁镇无梁村,131
禹州市方山镇方山村,119
禹州市方山镇坡村,164
禹州市文殊镇文殊村,177
禹州市张得镇大槐树赵村,133
禹州市大市场,214
禹州市夏都街道颍河大街,195
禹州市夏都街道禹王广场F,275
禹州市古城镇龙屯村,190
禹州市古城镇古城村,160
禹州市中药材专业市场南,102
禹州市中药材专业市场北,139
禹州市东环路农贸市场,120
社旗县陌陂镇陌陂街,132
社旗县赵河街道酒香小镇,143
社旗县赵河街道酒乡小镇,140
社旗县苗店镇苗店街,149
社旗县李店镇李店街,139
社旗县朱集镇朱集街,245
社旗县太和镇太和街,102
社旗县下洼镇下洼街,191
确山县竹沟镇竹沟街,210
确山县盘龙街道龙山大道,230
确山县盘龙街道解放路,182
确山县盘龙街道生产街,267
确山县盘龙街道朗陵大道,259
确山县盘龙街道新生街,193
确山县盘龙街道护城河路,131
确山县盘龙街道和平街,107
确山县留庄镇留庄街,430
确山县瓦岗镇瓦岗街,172
确山县李新店镇李新店街,138
确山县新安店镇新安店街,142
确山县新安店镇八四集,142
确山县任店镇任店街,474
石桥镇幸福路,525
睢县董店工业园区,180
睢县胡堂乡胡堂村,131
睢县白楼乡君临社区,228
睢县潮庄镇潮庄集,129
睢县涧岗乡涧岗集,126
睢县涧岗乡涧岗村,157
睢县河堤乡河西村,115
睢县河堤乡河东村,257
睢县水口路,479
睢县文化路,256
睢县平岗镇平东村,108
睢县尤吉屯乡黑西村,107
睢县尤吉屯乡马东村,364
睢县尤吉屯乡电商产业园B-,179
睢县尤吉屯乡尤吉屯集,150
睢县尤吉屯乡冯关屯村,106
睢县城郊乡凤城大道,102
睢县凤城大道,613
白庙乡白庙集,131
登封市颍阳镇南街市场,237
登封市石道市场,109
登封市白坪乡白坪街,141
登封市市区嵩山路,116
登封市市区东关街,113
登封市嵩阳街道嵩阳路,141
登封市嵩阳街道嵩山路,136
登封市嵩阳街道崇高路,118
登封市嵩阳街道少室路,146
登封市嵩阳街道中岳大街,109
登封市嵩阳街道东关街,104
登封市大金店镇金西村,220
登封市大冶镇新市场,325
登封市大冶镇南环路,101
登封市大冶镇东刘碑村,102
登封市卢店镇广场,130
瓦店乡瓦店集,107
王庄寨镇,109
物交会流动经营,278
焦作市车站街,112
焦作市解放区站前路,146
焦作市解放区民主南路,200
焦作市解放区朝阳路,123
焦作市解放区工业路,227
焦作市解放区南通路,114
焦作市解放区人民路,126
焦作市解放区丰收路,103
焦作市解放区上白作村村民委员会院内附,309
焦作市城乡一体化示范区苏家作乡苏家作村,124
焦作市城乡一体化示范区万鑫商城,172
焦作市华融大厦,163
灵宝市阳店镇小河市场,117
灵宝市车站路,164
灵宝市西闫乡西闫街,140
灵宝市焦村镇焦村街,126
灵宝市步行街,111
灵宝市故县镇故县街,152
灵宝市故县镇安底,122
灵宝市弘农路,168
灵宝市康乐市场,213
灵宝市康乐商城,127
灵宝市川口乡科里街,103
灵宝市商贸建材城,104
灵宝市中心商业区,103
瀍河区,253
濮阳市华龙区,143
濮阳市京开道银街,116
濮阳市,232
濮阳县铁丘路西段,101
濮阳县解放路北段,109
濮阳县解放路中段,113
濮阳县胡状镇胡状集,129
濮阳县红旗路上亿广场,125
濮阳县柳屯镇柳兴电商产业园D-,626
濮阳县柳屯镇柳兴电商产业园C-,5119
濮阳县柳屯镇柳兴电商产业园A-,3729
濮阳县文留镇文留集,116
濮阳县庆祖镇庆南村,138
濮阳县安澜小镇远阳电子商务产业园C-,314
濮阳县安澜小镇远阳电子商务产业园,2726
濮阳县国庆路西段路南,153
潢川县定城街道方店新村,128
潢川县定城街道先锋社区先锋新农村,130
潢川县华英商贸城,111
漯河市郾城区龙城镇郭湾村,156
漯河市郾城区龙城镇栗庄村,257
漯河市郾城区龙城镇李湾村,157
漯河市郾城区龙城镇庙赵村,169
漯河市郾城区龙城镇幸福村,108
漯河市郾城区龙城镇常湾村,130
漯河市郾城区龙城镇孔沈邓村,163
漯河市郾城区龙城镇前黄村,104
漯河市郾城区龙城镇冢马村,131
漯河市郾城区龙城镇仲李村,102
漯河市郾城区黄河路与邙山路交汇处路南,176
漯河市郾城区黄河路与邙山路交汇处往南,972
漯河市郾城区黄河路,1027
漯河市郾城区裴城镇三丁村,101
漯河市郾城区沙北街道黄河路与邙山路交汇处往南,236
漯河市郾城区李集镇郭东村,201
漯河市郾城区李集镇大王村,150
漯河市郾城区新店镇闫李村,298
漯河市郾城区新店镇周庄村,164
漯河市郾城区新店镇前丁村,344
漯河市郾城区孟庙镇,152
漯河市郾城区天泰大厦,210
漯河市郾城区城关镇黄河路西段北侧华山美食城,1262
漯河市郾城区商桥镇胡庄村,178
漯河市郾城区商桥镇申明铺村,158
漯河市郾城区商桥镇大闫村,313
漯河市西城区汉江路与太白山路交叉口世界港二楼,547
漯河市舞阳县马村乡王徐村一组,284
漯河市舞阳县马村乡岗寺村一组,110
漯河市舞阳县马村乡前姚村一组,137
漯河市舞阳县辛安镇郭窑村一组,415
漯河市舞阳县辛安镇电商产业园,178
漯河市舞阳县辛安镇河西杨村一组,173
漯河市舞阳县辛安镇周庄村一组,328
漯河市舞阳县孟寨镇黄庄村一组,181
漯河市舞阳县孟寨镇曹孟村一组,171
漯河市舞阳县北舞渡镇鹿店村一组,106
漯河市舞阳县北舞渡镇郑李村一组,124
漯河市舞阳县北舞渡镇田庄村二组,159
漯河市舞阳县北舞渡镇左沟村一组,160
漯河市舞阳县北舞渡镇中山街村三组,200
漯河市舞阳县北舞渡镇中山街村一组,397
漯河市舞阳县保和乡黄庄村,151
漯河市舞阳县保和乡二郎庙村二组,101
漯河市舞阳县九街乡前扁担赵村,116
漯河市舞阳县九街乡九街村一组,422
漯河市源汇区骊山路丽水康城,294
漯河市源汇区马路街街道人民路昌建广场SOHO写字楼,1343
漯河市源汇区问十乡董庄村,130
漯河市源汇区问十乡曹店村二组,144
漯河市源汇区问十乡宋庄村,112
漯河市源汇区长江路泰盈紫禁城,123
漯河市源汇区汉江路龙祥花园三单元,105
漯河市源汇区汉江路阳光福苑售楼部,2820
漯河市源汇区汉江路恒大御景,1890
漯河市源汇区柳江路文萃江南,322
漯河市源汇区大刘镇大刘村,183
漯河市源汇区人民路昌建广场SOHO写字楼,128
漯河市源汇区人民路昌建写字楼,543
漯河市源汇区,118
漯河市市辖区西城区汉江路与太白山路交叉口世界港二楼,397
漯河市召陵区黄河路金色龙湾立华公寓,205
漯河市召陵区金色龙湾,336
漯河市召陵区天桥街道创业中心,137
漯河市召陵区天桥创业中心,2263
漯河市召陵区人民东路,105
漯河市召陵区东城办东兴电子产业园区,4605
漯河市召陵区东城办东兴电子产业园,912
漯河市召陵区东城产业集聚区桃园路北侧,854
滑县白道口镇白道口村,198
滑县瓦岗寨乡瓦岗村,127
滑县王庄镇莫洼集,116
滑县牛屯镇南街村,311
滑县桑村乡桑村集,122
滑县新区五洲新时代广场,241
滑县四间房镇四间房村,113
滑县万古镇万古集,110
源汇区问十乡武庄村一组,177
源汇区问十乡曹店村一组,179
源汇区问十乡宁庄村一组,211
源汇区问十乡周庄村五组,281
源汇区湘江路湘江小镇,115
源汇区湘江西路,845
源汇区柳江路柳江小区,584
源汇区柳江路文萃江南,262
源汇区太行山路南端,108
源汇区太行山路与桂江路交叉口汇成商务中心,3763
源汇区吉顺生态产业园,126
源汇区五一路南段,191
渑池县黄花建材市场,124
渑池县黄花市场,130
渑池县黄河路,114
渑池县新华街,156
渑池县文化街,153
渑池县会盟路,144
渑池县仰韶西路,157
渑池县仰韶西街,101
渑池县仰韶大街,167
渑池县中心市场,104
渑池县万洋商贸城,120
淮滨县防胡镇街道,211
淮滨县邓湾乡街道,187
淮滨县赵集镇街道,194
淮滨县王店乡街道,101
淮滨县滨湖街道办事处乌龙大道,101
淮滨县栏杆镇街道,110
淮滨县期思镇街道,125
淮滨县新里镇街道,183
淮滨县张里乡街道,149
淮滨县城关滨城商业中心,238
淮滨县城关南大街西段,152
淮滨县城关南大街中段,116
淮滨县城关公安街,115
淮滨县固城乡街道,142
淮滨县北城桂花路中段,147
淮滨县三空桥乡街道,119
淘宝网:https://www.taobao.com;,266
淘宝网:https://www.taobao.com/;,210
淘宝网:https://shop,1335
淘宝网:http://shop,136
淘宝平台:https://shop,478
淘宝:www.taobao.com;,162
淘宝:shop,111
淘宝:https://shop,2097
淘宝:http://shop,154
淇县朝歌镇,109
淇县,210
淅川县龙城街道红旗路,142
淅川县龙城街道灌河路,305
淅川县龙城街道人民路,103
淅川县香花镇香北村,213
淅川县香花镇邓荆路,227
淅川县香花镇老街,115
淅川县金河镇,899
淅川县盛湾镇盛湾街,256
淅川县县城灌河路,127
淅川县厚坡镇东大街,182
淅川县九重镇交通路,118
淅川县上集镇罗池贯,132
涧西区长春路街道珠江新村,178
涧西区西苑路,132
涧西区景华路,159
涧西区建设路,152
涧西区中州西路,140
涧西区,167
浚县白寺乡白寺村,104
浚县屯子镇屯子集,154
浚县小河镇小河村,115
浚县善堂镇人民路,121
浙江淘宝网络有限公司:https://shop,114
济源市轵城镇西轵城村,238
济源市王屋镇王屋街,118
济源市济水东街二巷,101
济源市济水东街一巷,121
济源市河合流动,310
济源市御驾流动,149
济源市御驾小吃街,160
济源市宣化街西段,606
济源市宣化街中段,138
济源市周园路,186
济源市南街集贸市场,154
济源市八仙街,293
济源市五龙口镇尚庄大街,131
济源市中原国际商贸城A,171
流动经营,130
洛龙区长夏门街关林综合批发市场,101
洛龙区关林翠云东路,154
洛龙区关林市场,360
洛阳市西工区金谷园路,179
洛阳市西工区道南路,221
洛阳市西工区解放路,539
洛阳市西工区行署路,436
洛阳市西工区纱厂西路,163
洛阳市西工区纱厂南路,410
洛阳市西工区王城路,133
洛阳市西工区王城大道,634
洛阳市西工区涧东路,343
洛阳市西工区汉宫路,107
洛阳市西工区唐宫西路,510
洛阳市西工区升龙广场B区第,407
洛阳市西工区凯旋西路,294
洛阳市西工区凯旋东路,226
洛阳市西工区八一路,124
洛阳市西工区健康西路,116
洛阳市西工区体育场路,124
洛阳市西工区五洲国际,104
洛阳市西工区九都路,505
洛阳市西工区中州中路,1296
洛阳市西工区七一路,113
洛阳市老城区春都路,379
洛阳市老城区宏进市场C区,170
洛阳市老城区宏进市场A区,122
洛阳市老城区唐宫东路,116
洛阳市老城区,118
洛阳市瀍河回族区启明南路,164
洛阳市涧西区西苑路,126
洛阳市涧西区联盟路,127
洛阳市涧西区景华路,111
洛阳市涧西区建设路,206
洛阳市涧西区南昌路,194
洛阳市涧西区中州西路,151
洛阳市涧西区,136
洛阳市洛龙区龙门大道,263
洛阳市洛龙区长兴街与政和路交叉口东北角S,215
洛阳市洛龙区长兴街,155
洛阳市洛龙区长兴尚街,166
洛阳市洛龙区金城寨街,103
洛阳市洛龙区英才路,144
洛阳市洛龙区牡丹大道,438
洛阳市洛龙区滨河南路,422
洛阳市洛龙区政和路,131
洛阳市洛龙区开元大道,573
洛阳市洛龙区太康路,111
洛阳市洛龙区古城路,580
洛阳市洛龙区二郎庙夜市街,107
洛阳市洛龙区丰李镇丰李村,231
洛阳市春都路,151
洛阳市偃师区槐新街道洛神路,171
洛阳市偃师区大口镇大口村,190
洛阳市伊滨区诸葛镇诸葛村,250
洛阳市伊滨区诸葛镇,113
洛阳市伊滨区庞村镇赵屯村,141
洛阳市伊滨区庞村镇西庞村,164
洛阳市伊滨区庞村镇窑沟村,113
洛阳市伊滨区庞村镇东庞村,298
洛阳市伊滨区寇店镇寇店村,281
洛阳市伊川县鸣皋镇鸣皋村,248
洛阳市伊川县鸣皋镇中溪村,109
洛阳市伊川县水寨镇水寨村,103
洛阳市伊川县彭婆市场,135
洛阳市伊川县平等乡平等村,118
洛阳市伊川县城关镇顺城街,115
洛阳市伊川县城关镇酒城北路,109
洛阳市伊川县城关镇文化北路,107
洛阳市伊川县城关镇周村,115
洛宁县陈吴乡大原街,291
洛宁县赵村镇土桥村,125
洛宁县涧口乡涧口街,128
洛宁县河底镇河底街,152
洛宁县河底镇杨坡街,112
洛宁县政通路,170
洛宁县城郊乡崛山街,117
洛宁县城区(城市管理局指定的时间和地点),219
洛宁县兴宁东路老城教堂西,154
洛宁县兴华镇兴华街,192
洛宁县京宁路路西,107
泌阳县象河乡象河街,103
泌阳县春水镇春水街,190
泌阳县付庄乡开元路,226
河南自贸试验区郑州片区（金水）柳东路,321
河南自贸试验区郑州片区（郑东）金水东路,2983
河南自贸试验区郑州片区（郑东）福禄街,112
河南自贸试验区郑州片区（郑东）祥盛街,227
河南自贸试验区郑州片区（郑东）正光路,129
河南自贸试验区郑州片区（郑东）榆林北路,233
河南自贸试验区郑州片区（郑东）普济路,117
河南自贸试验区郑州片区（郑东）普惠路,702
河南自贸试验区郑州片区（郑东）心怡路,233
河南自贸试验区郑州片区（郑东）康宁街,150
河南自贸试验区郑州片区（郑东）寿丰街,195
河南自贸试验区郑州片区（郑东）地润路,222
河南自贸试验区郑州片区（郑东）商鼎路,784
河南自贸试验区郑州片区（郑东）商都路,559
河南自贸试验区郑州片区（郑东）商务外环路,1134
河南自贸试验区郑州片区（郑东）商务内环路,774
河南自贸试验区郑州片区（郑东）商务内环,125
河南自贸试验区郑州片区（郑东）创业路,159
河南自贸试验区郑州片区（郑东）农业东路,121
河南自贸试验区郑州片区（郑东）东风南路商鼎路龙宇国际,139
河南自贸试验区郑州片区（经开）航海东路,1155
河南自贸试验区郑州片区（经开）经北二路,165
河南自贸试验区郑州片区（经开）经北一路,150
河南自贸试验区郑州片区（经开）第八大街,210
河南自贸试验区郑州片区（经开）第二大街,107
河南自贸试验区郑州片区(金水)柳东路,512
河南自贸试验区郑州片区(郑东)金水东路,4115
河南自贸试验区郑州片区(郑东)福禄路,108
河南自贸试验区郑州片区(郑东)福禄街,117
河南自贸试验区郑州片区(郑东)祥盛街,364
河南自贸试验区郑州片区(郑东)正光路,258
河南自贸试验区郑州片区(郑东)正光北街,189
河南自贸试验区郑州片区(郑东)榆林北路,260
河南自贸试验区郑州片区(郑东)普济路,113
河南自贸试验区郑州片区(郑东)普惠路,960
河南自贸试验区郑州片区(郑东)心怡路,247
河南自贸试验区郑州片区(郑东)康宁街,218
河南自贸试验区郑州片区(郑东)寿丰街,229
河南自贸试验区郑州片区(郑东)地润路,227
河南自贸试验区郑州片区(郑东)商鼎路,741
河南自贸试验区郑州片区(郑东)商都路,863
河南自贸试验区郑州片区(郑东)商务外环路,1815
河南自贸试验区郑州片区(郑东)商务外环,164
河南自贸试验区郑州片区(郑东)商务内环路,1449
河南自贸试验区郑州片区(郑东)商务内环,228
河南自贸试验区郑州片区(郑东)商务中央公园,124
河南自贸试验区郑州片区(郑东)和光街,170
河南自贸试验区郑州片区(郑东)农业东路,184
河南自贸试验区郑州片区(郑东)众旺路,107
河南自贸试验区郑州片区(郑东)东风南路商鼎路龙宇国际,158
河南自贸试验区郑州片区(经开)航海东路,1374
河南自贸试验区郑州片区(经开)经北四路,101
河南自贸试验区郑州片区(经开)经北二路,328
河南自贸试验区郑州片区(经开)经北一路,206
河南自贸试验区郑州片区(经开)第八大街,241
河南自贸试验区郑州片区(经开)第五大街,119
河南自贸试验区郑州片区(经开)第二大街,184
河南自贸试验区郑州片区(经开)第七大街,161
河南自贸试验区郑州片区(经开)朝凤路,126
河南自贸试验区开封片区郑开大道,1360
河南自贸试验区开封片区幸福二街,105
河南自贸试验区开封片区宋城路宋城雅居,125
河南自贸试验区开封片区回龙庙新村,219
河南省鹤壁市淇滨区黎阳路街道黎阳路,151
河南省鹤壁市淇滨区黎阳路街道淇河路,165
河南省鹤壁市淇滨区黎阳路街道卫河路,130
河南省鹤壁市淇滨区淇河路,134
河南省鹤壁市淇滨区泰山办事处衡山路,106
河南省鹤壁市淇滨区天山办事处柳江路与天山路交叉口天山路街道新经济产业园,117
河南省鹤壁市淇滨区兴鹤大街,101
河南省鹤壁市淇滨区九州路街道黄山路,138
河南省鹤壁市淇滨区九州路街道新闻巷,132
河南省鹤壁市淇滨区,147
河南省鹤壁市浚县卫溪街道黎阳路宏基教育楼四楼,112
河南省鹤壁市山城区鹿楼乡西鹿楼村东,107
河南省鹤壁市山城区鹿楼乡大胡社区,517
河南省鹤壁市山城区鹿楼乡后营村,136
河南省鹤壁市山城区鹿楼乡东扒厂村,113
河南省鹤壁市山城区鹤壁市山城区陶源一区,537
河南省鹤壁市山城区鹤壁市山城区东石林村豫兴煤机培训基地对面门面,135
河南省鹤壁市山城区长风南路,254
河南省鹤壁市山城区长风中路街道长风路,438
河南省鹤壁市山城区长风中路街道,197
河南省鹤壁市山城区绿源农贸市场C区-,268
河南省鹤壁市山城区红旗街道红旗街东段,172
河南省鹤壁市山城区红旗街道红旗街东建材市场园内,379
河南省鹤壁市山城区红旗街道红五巷,165
河南省鹤壁市山城区红旗街道朝霞街南,103
河南省鹤壁市山城区红旗街道山城路,213
河南省鹤壁市山城区石林镇石林大街,363
河南省鹤壁市山城区石林村陶源一区,250
河南省鹤壁市山城区汤河街街道陈家湾,118
河南省鹤壁市山城区汤河街街道汤河便民点,206
河南省鹤壁市山城区汤河街街道卫星街,332
河南省鹤壁市山城区桃源一区,244
河南省鹤壁市山城区山城路街道汤河街,356
河南省鹤壁市山城区山城路街道无线电研究所,329
河南省鹤壁市山城区丰泽园B区-,313
河南省鹤壁市山城区东石林村豫兴煤机培训基地对面门面,467
河南省驻马店市西平县柏城解放路顶品百货,439
河南省驻马店市西平县,103
河南省驻马店市确山县新安店镇八四集,113
河南省驻马店市汝南县汝宁镇农商智慧城,112
河南省驻马店市正阳县陡沟镇中心街,142
河南省驻马店市上蔡县重阳办事处中部礼品城,215
河南省项城市官会镇官北村,154
河南省长葛市和尚桥镇秦公庙村,133
河南省郑州市高新技术开发区科学大道,127
河南省郑州市高新技术产业开发区长椿路,658
河南省郑州市高新技术产业开发区银屏路,239
河南省郑州市高新技术产业开发区金梭路,636
河南省郑州市高新技术产业开发区迎春街,168
河南省郑州市高新技术产业开发区西四环,388
河南省郑州市高新技术产业开发区西三环路,401
河南省郑州市高新技术产业开发区西三环,101
河南省郑州市高新技术产业开发区莲花街,658
河南省郑州市高新技术产业开发区翠竹街,287
河南省郑州市高新技术产业开发区红叶路,221
河南省郑州市高新技术产业开发区科学大道,1006
河南省郑州市高新技术产业开发区电厂路,610
河南省郑州市高新技术产业开发区瑞达路,565
河南省郑州市高新技术产业开发区玉兰街,206
河南省郑州市高新技术产业开发区梧桐街,158
河南省郑州市高新技术产业开发区枫杨街,105
河南省郑州市高新技术产业开发区木兰里,138
河南省郑州市高新技术产业开发区国槐街,197
河南省郑州市高新技术产业开发区冬青街,542
河南省郑州市高新区长椿路,313
河南省郑州市高新区金梭路,144
河南省郑州市高新区莲花街,175
河南省郑州市高新区科学大道,322
河南省郑州市高新区电厂路,206
河南省郑州市高新区瑞达路,123
河南省郑州市高新区冬青街,218
河南省郑州市金水区黑朱庄路未来滨河小区,116
河南省郑州市金水区黑朱庄路,299
河南省郑州市金水区黄河路,1865
河南省郑州市金水区鸿苑路,205
河南省郑州市金水区顺河路,297
河南省郑州市金水区青年路,1035
河南省郑州市金水区鑫苑路,421
河南省郑州市金水区鑫苑西路,202
河南省郑州市金水区金水路,3104
河南省郑州市金水区金明路,146
河南省郑州市金水区郑花路,2717
河南省郑州市金水区郑汴路,1790
河南省郑州市金水区英协路,940
河南省郑州市金水区花园路,4721
河南省郑州市金水区花园北路,1557
河南省郑州市金水区经六路,131
河南省郑州市金水区经八路,495
河南省郑州市金水区经五路,520
河南省郑州市金水区经三路北段,119
河南省郑州市金水区经三路北,1268
河南省郑州市金水区经三路,1061
河南省郑州市金水区经三北路,351
河南省郑州市金水区经七路,412
河南省郑州市金水区经一路北,106
河南省郑州市金水区纬四路,337
河南省郑州市金水区纬五路,566
河南省郑州市金水区纬二路,238
河南省郑州市金水区红旗路,575
河南省郑州市金水区红专路,858
河南省郑州市金水区索凌路,141
河南省郑州市金水区科源路,179
河南省郑州市金水区福彩路,263
河南省郑州市金水区福元路,389
河南省郑州市金水区玉凤路,728
河南省郑州市金水区沙口路,205
河南省郑州市金水区水科路,121
河南省郑州市金水区民航路,362
河南省郑州市金水区林科路,296
河南省郑州市金水区杨金路,405
河南省郑州市金水区未来路街道黑朱庄路未来滨河小区,157
河南省郑州市金水区未来路街道黑朱庄路,548
河南省郑州市金水区未来路街道黄河路,499
河南省郑州市金水区未来路街道顺河路,284
河南省郑州市金水区未来路街道金水路,1033
河南省郑州市金水区未来路街道英协路,505
河南省郑州市金水区未来路街道福元路,216
河南省郑州市金水区未来路街道玉凤路,842
河南省郑州市金水区未来路街道民航路,235
河南省郑州市金水区未来路街道未来路,627
河南省郑州市金水区未来路街道商城东路,197
河南省郑州市金水区未来路,1004
河南省郑州市金水区朝阳路,131
河南省郑州市金水区晨旭路,311
河南省郑州市金水区文博西路,195
河南省郑州市金水区文博东路,259
河南省郑州市金水区文化路街道花园路,236
河南省郑州市金水区文化路街道文化路,113
河南省郑州市金水区文化路街道农科路,169
河南省郑州市金水区文化路街道农业路,109
河南省郑州市金水区文化路,1770
河南省郑州市金水区文化北路,175
河南省郑州市金水区政六街,237
河南省郑州市金水区政七街,311
河南省郑州市金水区建业路,343
河南省郑州市金水区广电南路,261
河南省郑州市金水区宝瑞路,165
河南省郑州市金水区宏祥路,358
河南省郑州市金水区宏康路,1422
河南省郑州市金水区姚砦路,1226
河南省郑州市金水区姚寨路,170
河南省郑州市金水区天明路,382
河南省郑州市金水区天伦路,837
河南省郑州市金水区大石桥街道金水路,169
河南省郑州市金水区大石桥街道南阳路,183
河南省郑州市金水区大石桥街道健康路,118
河南省郑州市金水区国基路,2563
河南省郑州市金水区园田路,138
河南省郑州市金水区商城东路,443
河南省郑州市金水区同乐路,110
河南省郑州市金水区双铺路,115
河南省郑州市金水区博颂路,163
河南省郑州市金水区南阳路,959
河南省郑州市金水区南阳新村街道南阳路,609
河南省郑州市金水区南阳新村街道农业路,105
河南省郑州市金水区北环路,515
河南省郑州市金水区北林路街道鑫苑路,260
河南省郑州市金水区北林路街道花园路,197
河南省郑州市金水区北林路街道经三路,105
河南省郑州市金水区北三环,347
河南省郑州市金水区凤鸣路,111
河南省郑州市金水区凤台路,266
河南省郑州市金水区凤凰台街道青年路,1029
河南省郑州市金水区凤凰台街道郑汴路,1309
河南省郑州市金水区凤凰台街道英协路,180
河南省郑州市金水区凤凰台街道未来路,446
河南省郑州市金水区凤凰台街道建业路,341
河南省郑州市金水区凤凰台街道凤台路,252
河南省郑州市金水区凤凰台街道中州大道,378
河南省郑州市金水区农科路,1732
河南省郑州市金水区农业路东,1643
河南省郑州市金水区农业路,1875
河南省郑州市金水区兴达路街道鸿苑路,143
河南省郑州市金水区兴达路街道花李庄社区,131
河南省郑州市金水区兴达路街道小金庄社区,226
河南省郑州市金水区兴达路街道姚店堤社区,168
河南省郑州市金水区兴达路街道北录庄社区,128
河南省郑州市金水区兴达路街道任庄社区,223
河南省郑州市金水区兴达路,604
河南省郑州市金水区健康路,328
河南省郑州市金水区俭学街,262
河南省郑州市金水区优胜南路,248
河南省郑州市金水区优胜北路,216
河南省郑州市金水区任砦北街,102
河南省郑州市金水区丰庆路,438
河南省郑州市金水区丰产路街道黄河路,261
河南省郑州市金水区丰产路街道经三路北,300
河南省郑州市金水区丰产路街道红旗路,114
河南省郑州市金水区丰产路街道红专路,316
河南省郑州市金水区丰产路街道林科路,105
河南省郑州市金水区丰产路街道政六街,109
河南省郑州市金水区丰产路街道政七街,191
河南省郑州市金水区丰产路街道姚砦路,909
河南省郑州市金水区丰产路街道农业路东,413
河南省郑州市金水区丰产路街道丰产路,314
河南省郑州市金水区丰产路街道东风路,145
河南省郑州市金水区丰产路街道东明路北,106
河南省郑州市金水区丰产路,1101
河南省郑州市金水区丰乐路,114
河南省郑州市金水区中方园路,109
河南省郑州市金水区中州大道,885
河南省郑州市金水区东风路街道文化路,245
河南省郑州市金水区东风路街道东风路,238
河南省郑州市金水区东风路东,218
河南省郑州市金水区东风路,2064
河南省郑州市金水区东明路北,184
河南省郑州市金水区东明路,334
河南省郑州市金水区三全路,1130
河南省郑州市郑东新区金水东路,620
河南省郑州市郑东新区金光路办事处象湖南路中建翰林院,178
河南省郑州市郑东新区金光路办事处尚景佳园,214
河南省郑州市郑东新区郑开大道,161
河南省郑州市郑东新区通泰路,349
河南省郑州市郑东新区豫兴办事处豫兴家苑,154
河南省郑州市郑东新区象湖南路,156
河南省郑州市郑东新区聚源路,140
河南省郑州市郑东新区第十街东城前街北,181
河南省郑州市郑东新区福禄路,149
河南省郑州市郑东新区福禄街,451
河南省郑州市郑东新区祭城办事处金水东路,182
河南省郑州市郑东新区祭城办事处商都路,126
河南省郑州市郑东新区祥盛街,294
河南省郑州市郑东新区盛和街,166
河南省郑州市郑东新区白沙镇象湖南路与永顺路交叉口岗李农贸市场,167
河南省郑州市郑东新区白沙镇艺君生活广场,232
河南省郑州市郑东新区白沙镇白沙农贸市场,106
河南省郑州市郑东新区白沙镇前程大道与商都路交叉口向北,102
河南省郑州市郑东新区永平路,433
河南省郑州市郑东新区普惠路,472
河南省郑州市郑东新区明理路,276
河南省郑州市郑东新区心怡路,401
河南省郑州市郑东新区康平路,1608
河南省郑州市郑东新区康宁街,105
河南省郑州市郑东新区平安大道,796
河南省郑州市郑东新区宏图街,132
河南省郑州市郑东新区如意湖办事处如意湖海逸名门,110
河南省郑州市郑东新区天赋路,516
河南省郑州市郑东新区地润路,214
河南省郑州市郑东新区商鼎路,535
河南省郑州市郑东新区商都路办事处郑东商业中心B区,146
河南省郑州市郑东新区商都路办事处康平路,206
河南省郑州市郑东新区商都路办事处康宁街,101
河南省郑州市郑东新区商都路办事处商都路,277
河南省郑州市郑东新区商都路办事处升龙广场,104
河南省郑州市郑东新区商都路,3468
河南省郑州市郑东新区商务外环路,110
河南省郑州市郑东新区商务中央公园,110
河南省郑州市郑东新区博学路办事处平安大道,101
河南省郑州市郑东新区博学路,257
河南省郑州市郑东新区十里铺街,147
河南省郑州市郑东新区利农市场,188
河南省郑州市郑东新区农业南路,114
河南省郑州市郑东新区农业东路,483
河南省郑州市郑东新区中道东路,105
河南省郑州市郑东新区中州大道,134
河南省郑州市郑东新区七里河南路,289
河南省郑州市荥阳市,111
河南省郑州市管城回族区鼎盛街,130
河南省郑州市管城回族区鼎瑞街,173
河南省郑州市管城回族区鼎文街,197
河南省郑州市管城回族区鼎尚街,206
河南省郑州市管城回族区黄玉街,152
河南省郑州市管城回族区陇海路街道陇海东路,188
河南省郑州市管城回族区陇海路街道紫荆山路,115
河南省郑州市管城回族区陇海路,293
河南省郑州市管城回族区陇海南里,138
河南省郑州市管城回族区陇海东路,1366
河南省郑州市管城回族区长江东路,144
河南省郑州市管城回族区银莺路,575
河南省郑州市管城回族区银基广场C,322
河南省郑州市管城回族区银基广场-,107
河南省郑州市管城回族区银基广场,289
河南省郑州市管城回族区金城街,334
河南省郑州市管城回族区郑航街,142
河南省郑州市管城回族区郑汴路,2443
河南省郑州市管城回族区通站路,256
河南省郑州市管城回族区赣江路,159
河南省郑州市管城回族区贺江路,226
河南省郑州市管城回族区货站街,702
河南省郑州市管城回族区货站北街,136
河南省郑州市管城回族区货栈街,225
河南省郑州市管城回族区货栈北街,125
河南省郑州市管城回族区豫英路,1611
河南省郑州市管城回族区豫丰街,178
河南省郑州市管城回族区西大街街道西大街,552
河南省郑州市管城回族区西大街街道弓背街,131
河南省郑州市管城回族区西大街街道南学街,270
河南省郑州市管城回族区西大街街道南大街,104
河南省郑州市管城回族区西大街,1827
河南省郑州市管城回族区西三马路,107
河南省郑州市管城回族区裴昌庙街,105
河南省郑州市管城回族区蓝珮路,131
河南省郑州市管城回族区花寨路,169
河南省郑州市管城回族区航海路,165
河南省郑州市管城回族区航海东路街道豫英路,113
河南省郑州市管城回族区航海东路街道航海东路,276
河南省郑州市管城回族区航海东路,6487
河南省郑州市管城回族区腾飞路,455
河南省郑州市管城回族区职工路,1619
河南省郑州市管城回族区紫辰路,1840
河南省郑州市管城回族区紫荆山路,6389
河南省郑州市管城回族区紫荆山南路,278
河南省郑州市管城回族区紫云路,179
河南省郑州市管城回族区紫东路,1529
河南省郑州市管城回族区管城街,205
河南省郑州市管城回族区管城后街,132
河南省郑州市管城回族区石化路,1236
河南省郑州市管城回族区百荣世贸商城D座负一层B,135
河南省郑州市管城回族区百荣世贸商城D座三层D,117
河南省郑州市管城回族区百荣世贸商城D座一层D,148
河南省郑州市管城回族区百荣世贸商城C,452
河南省郑州市管城回族区百荣世贸商城B座二层,134
河南省郑州市管城回族区玉城街,304
河南省郑州市管城回族区港湾路,1235
河南省郑州市管城回族区清真寺街,193
河南省郑州市管城回族区法院东街,137
河南省郑州市管城回族区果园路,599
河南省郑州市管城回族区未来路,1101
河南省郑州市管城回族区明月路,276
河南省郑州市管城回族区新郑路,637
河南省郑州市管城回族区文治路与姚庄南路交叉口紫东钢铁企业园,165
河南省郑州市管城回族区文治路,1323
河南省郑州市管城回族区文德路,605
河南省郑州市管城回族区文兴路,493
河南省郑州市管城回族区德风街,206
河南省郑州市管城回族区德济路,101
河南省郑州市管城回族区弓背街,119
河南省郑州市管城回族区布厂街,159
河南省郑州市管城回族区尚德路,219
河南省郑州市管城回族区尚庄路,206
河南省郑州市管城回族区城南路,166
河南省郑州市管城回族区城东路,630
河南省郑州市管城回族区城东南路,2168
河南省郑州市管城回族区商城路,555
河南省郑州市管城回族区商城东路,853
河南省郑州市管城回族区南顺城街,247
河南省郑州市管城回族区南学街,163
河南省郑州市管城回族区南大街,529
河南省郑州市管城回族区南四环与京广路交叉口西南角百荣世贸商城D座,104
河南省郑州市管城回族区南台路逸泉小区,171
河南省郑州市管城回族区南台路,214
河南省郑州市管城回族区南关街,319
河南省郑州市管城回族区南三环东路,152
河南省郑州市管城回族区华盛街,186
河南省郑州市管城回族区十八里河镇刘湾村,188
河南省郑州市管城回族区凤凰路,153
河南省郑州市管城回族区众城街,153
河南省郑州市管城回族区人民路光彩市场,125
河南省郑州市管城回族区人民路,192
河南省郑州市管城回族区二里岗街道陇海东路,113
河南省郑州市管城回族区二里岗街道郑汴路,106
河南省郑州市管城回族区二里岗街道货站街,147
河南省郑州市管城回族区二里岗街道凤凰路,132
河南省郑州市管城回族区二里岗南街,383
河南省郑州市管城回族区乔家门路,117
河南省郑州市管城回族区乔家门,567
河南省郑州市管城回族区中州大道,577
河南省郑州市管城回族区东明路南,314
河南省郑州市管城回族区东明路,618
河南省郑州市管城回族区东太康路,512
河南省郑州市管城回族区东大街街道东大街,161
河南省郑州市管城回族区东大街,4332
河南省郑州市管城回族区东三马路,567
河南省郑州市管城回族区三益街,126
河南省郑州市登封市朝阳路,168
河南省郑州市登封市月河路,148
河南省郑州市登封市振兴路,387
河南省郑州市登封市少林路,157
河南省郑州市登封市告成镇告成大街,124
河南省郑州市登封市卢店镇振兴路,124
河南省郑州市登封市,353
河南省郑州市新郑市龙湖镇锦艺城,327
河南省郑州市新郑市龙湖镇郑老庄社区,161
河南省郑州市新郑市龙湖镇荆垌社区,193
河南省郑州市新郑市龙湖镇荆垌市场,192
河南省郑州市新郑市龙湖镇祥安路菜市场,614
河南省郑州市新郑市龙湖镇祥安路,119
河南省郑州市新郑市龙湖镇祥和路,101
河南省郑州市新郑市龙湖镇祥云路,107
河南省郑州市新郑市龙湖镇王许村,217
河南省郑州市新郑市龙湖镇滨湖路,135
河南省郑州市新郑市龙湖镇双湖大道,392
河南省郑州市新郑市龙湖镇华南城一号交易广场,138
河南省郑州市新郑市龙湖镇华南城,5480
河南省郑州市新郑市龙湖镇侯庄村,399
河南省郑州市新郑市龙湖镇于寨村,206
河南省郑州市新郑市龙湖镇东徐村,105
河南省郑州市新郑市龙湖镇,2059
河南省郑州市新郑市郭店镇传化物流小镇,115
河南省郑州市新郑市郭店镇,201
河南省郑州市新郑市薛店镇中德产业园,109
河南省郑州市新郑市新烟街道解放路,188
河南省郑州市新郑市新烟街道烟厂大街,122
河南省郑州市新郑市新烟街道渔夫子路,174
河南省郑州市新郑市新烟街道人民路,148
河南省郑州市新郑市新村镇,101
河南省郑州市新郑市新建路街道嫘祖路,113
河南省郑州市新郑市孟庄镇飞宇机电城,163
河南省郑州市新郑市孟庄镇华南城,304
河南省郑州市新郑市华南城,602
河南省郑州市新郑市,236
河南省郑州市新密市青屏街办事处青屏大街,113
河南省郑州市新密市青屏街办事处溱水路,122
河南省郑州市新密市青屏办事处青屏大街,448
河南省郑州市新密市青屏办事处雪花街,149
河南省郑州市新密市青屏办事处长庆路,253
河南省郑州市新密市青屏办事处长宁街,246
河南省郑州市新密市青屏办事处长乐路,589
河南省郑州市新密市青屏办事处西大街,389
河南省郑州市新密市青屏办事处育才街,463
河南省郑州市新密市青屏办事处祥云街,165
河南省郑州市新密市青屏办事处溱水路,773
河南省郑州市新密市青屏办事处气象街,159
河南省郑州市新密市青屏办事处文峰路,123
河南省郑州市新密市青屏办事处开阳路,300
河南省郑州市新密市青屏办事处嵩山大道,121
河南省郑州市新密市青屏办事处大鸿路,264
河南省郑州市新密市青屏办事处周楼街,138
河南省郑州市新密市西大街办事处平安路,159
河南省郑州市新密市西大街办事处后村,110
河南省郑州市新密市西大街办事处下庄河新庄苑,176
河南省郑州市新密市袁庄乡靳沟村,191
河南省郑州市新密市袁庄乡姜沟村,140
河南省郑州市新密市苟堂镇苟堂街,157
河南省郑州市新密市苟堂镇苟堂村,348
河南省郑州市新密市米村镇米村街,284
河南省郑州市新密市米村镇米村村,106
河南省郑州市新密市米村镇愼窑村,101
河南省郑州市新密市米村镇孟庄村,114
河南省郑州市新密市米村镇下王村,153
河南省郑州市新密市白寨镇白寨街,132
河南省郑州市新密市白寨镇白寨村,673
河南省郑州市新密市白寨镇史沟村,103
河南省郑州市新密市白寨镇光林路,108
河南省郑州市新密市牛店镇王庄街,171
河南省郑州市新密市来集镇赵沟村十一组,135
河南省郑州市新密市曲梁镇下牛村,396
河南省郑州市新密市曲梁地安街,104
河南省郑州市新密市新华路办事处杨寨村,175
河南省郑州市新密市新华路办事处嵩山大道,167
河南省郑州市新密市新华路办事处南密新路,231
河南省郑州市新密市新华路办事处五里店村,167
河南省郑州市新密市新华路办事处东大街,136
河南省郑州市新密市平陌街,183
河南省郑州市新密市大隗镇周甘路,136
河南省郑州市新密市劳动街,129
河南省郑州市新密市刘寨镇刘寨村,170
河南省郑州市新密市产业集聚区锦艺智云万博城B,250
河南省郑州市惠济区香山路,159
河南省郑州市惠济区长兴路街道长兴路,174
河南省郑州市惠济区长兴路街道电厂路,111
河南省郑州市惠济区长兴路街道信基调味食品城,198
河南省郑州市惠济区长兴路街道信基冻品市场,196
河南省郑州市惠济区长兴路,425
河南省郑州市惠济区金杯路,122
河南省郑州市惠济区迎宾路街道香山路,103
河南省郑州市惠济区迎宾路街道英才街,333
河南省郑州市惠济区迎宾路街道新城路,152
河南省郑州市惠济区迎宾路街道开元路,122
河南省郑州市惠济区迎宾路,219
河南省郑州市惠济区豫泰路,110
河南省郑州市惠济区英才街,381
河南省郑州市惠济区花园北路,129
河南省郑州市惠济区绿源路,462
河南省郑州市惠济区电厂路,178
河南省郑州市惠济区生产路,134
河南省郑州市惠济区江山路街道天河路,218
河南省郑州市惠济区江山路办事处天河路裕园小区,309
河南省郑州市惠济区江山路办事处天河路,172
河南省郑州市惠济区江山路,154
河南省郑州市惠济区新城路,284
河南省郑州市惠济区新城街道文化北路,118
河南省郑州市惠济区文化北路,280
河南省郑州市惠济区开元路,455
河南省郑州市惠济区天河路,519
河南省郑州市惠济区大河路街道绿源路,215
河南省郑州市惠济区大河路街道中原水产物流港交易大厅,163
河南省郑州市惠济区大河路街道中原水产物流港,182
河南省郑州市惠济区南阳路,765
河南省郑州市惠济区刘寨街道南阳路,144
河南省郑州市惠济区信基调味食品城,161
河南省郑州市惠济区丰业街,135
河南省郑州市惠济区中州大道,148
河南省郑州市惠济区三全路,167
河南省郑州市市辖区郑东新区金水东路,192
河南省郑州市市辖区郑东新区通泰路,127
河南省郑州市市辖区郑东新区祥盛街,103
河南省郑州市市辖区郑东新区永平路,119
河南省郑州市市辖区郑东新区康平路,246
河南省郑州市市辖区郑东新区天赋路,104
河南省郑州市市辖区郑东新区商鼎路,111
河南省郑州市市辖区郑东新区商都路,1066
河南省郑州市市辖区郑东新区农业东路,135
河南省郑州市巩义市西村镇永安路,122
河南省郑州市巩义市紫荆路街道紫荆路,151
河南省郑州市巩义市紫荆路街道嵩山路,132
河南省郑州市巩义市杜甫路街道桐本路,126
河南省郑州市巩义市杜甫路街道杜甫路,292
河南省郑州市巩义市杜甫路街道建设路,186
河南省郑州市巩义市杜甫路街道万洋商贸城,106
河南省郑州市巩义市新华路街道通桥路,116
河南省郑州市巩义市新华路街道货场路,248
河南省郑州市巩义市新华路街道桐本路,158
河南省郑州市巩义市新华路街道新华路,247
河南省郑州市巩义市新华路街道新兴路,880
河南省郑州市巩义市新华路街道建设路,285
河南省郑州市巩义市恒星花园南门,108
河南省郑州市巩义市建设路,139
河南省郑州市巩义市孝义街道孝义路,202
河南省郑州市商都路,103
河南省郑州市二七区马寨镇曙光路,231
河南省郑州市二七区马寨镇张寨新区西院,102
河南省郑州市二七区马寨镇工业路,127
河南省郑州市二七区马寨镇学院路,398
河南省郑州市二七区马寨镇团结路,127
河南省郑州市二七区马寨镇同兴街,203
河南省郑州市二七区马寨镇先锋路,246
河南省郑州市二七区马寨镇东方路,543
河南省郑州市二七区陇海中路,624
河南省郑州市二七区陇海东路,253
河南省郑州市二七区长江路街道长江中路,106
河南省郑州市二七区长江路街道航海中路,118
河南省郑州市二七区长江路街道大学南路,495
河南省郑州市二七区长江路街道兴华南街,121
河南省郑州市二七区长江路街道京广南路,240
河南省郑州市二七区长江路,165
河南省郑州市二七区长江中路,765
河南省郑州市二七区长江东路,169
河南省郑州市二七区锦绣街,150
河南省郑州市二七区锦秀街,164
河南省郑州市二七区铭功路,169
河南省郑州市二七区铁英街,290
河南省郑州市二七区金沙江路,122
河南省郑州市二七区郑航街,189
河南省郑州市二七区郑密路,661
河南省郑州市二七区连云路,655
河南省郑州市二七区赣江路,122
河南省郑州市二七区贺江路,487
河南省郑州市二七区行云路,204
河南省郑州市二七区英秀街,137
河南省郑州市二七区苑陵街,299
河南省郑州市二七区航海路与连云路正商航海广场A座,112
河南省郑州市二七区航海路,248
河南省郑州市二七区航海中路,1355
河南省郑州市二七区绿水路,205
河南省郑州市二七区福寿街,391
河南省郑州市二七区福喜路,130
河南省郑州市二七区福华街街道保全街,106
河南省郑州市二七区祥云路,426
河南省郑州市二七区碧云路,416
河南省郑州市二七区环翠路,335
河南省郑州市二七区漓江路,249
河南省郑州市二七区淮河路街道齐礼阎,164
河南省郑州市二七区淮河路街道航海中路,259
河南省郑州市二七区淮河路街道淮河路,132
河南省郑州市二七区淮河路街道淮河东路,165
河南省郑州市二七区淮河路街道淮南街,201
河南省郑州市二七区淮河路街道汝河路,465
河南省郑州市二七区淮河路街道民安路,1078
河南省郑州市二七区淮河路街道政通路,183
河南省郑州市二七区淮河路街道嵩山南路,241
河南省郑州市二七区淮河路街道大学中路,106
河南省郑州市二七区淮河路街道升龙城,337
河南省郑州市二七区淮河路街道勤劳街,236
河南省郑州市二七区淮河路街道兴华南街,358
河南省郑州市二七区淮河路,148
河南省郑州市二七区淮河东路,348
河南省郑州市二七区淮南街,504
河南省郑州市二七区沅江路,106
河南省郑州市二七区汝河路,737
河南省郑州市二七区永安街,290
河南省郑州市二七区民安路,352
河南省郑州市二七区民主路,251
河南省郑州市二七区棉纺东路,230
河南省郑州市二七区桃源路,132
河南省郑州市二七区桂江路,112
河南省郑州市二七区新圃西街,115
河南省郑州市二七区敦睦路,118
河南省郑州市二七区政通路,2256
河南省郑州市二七区操场街,175
河南省郑州市二七区德化街街道苑陵街,121
河南省郑州市二七区德化街街道德化街,395
河南省郑州市二七区德化街,422
河南省郑州市二七区建云街,160
河南省郑州市二七区建中街街道陇海中路,113
河南省郑州市二七区建中街街道铁英街,145
河南省郑州市二七区建中街街道淮河东路,198
河南省郑州市二七区建中街街道政通路,597
河南省郑州市二七区建中街街道康复前街,223
河南省郑州市二七区建中街街道庆丰街,221
河南省郑州市二七区建中街街道幸福路,271
河南省郑州市二七区建中街街道大学中路,122
河南省郑州市二七区建中街街道南建中街,153
河南省郑州市二七区建中街街道升龙国际中心C区,104
河南省郑州市二七区建中街街道升龙国际中心A区,132
河南省郑州市二七区建中街街道交通路,439
河南省郑州市二七区康复前街,181
河南省郑州市二七区庆泰路,128
河南省郑州市二七区庆喜路,146
河南省郑州市二七区庆丰街,591
河南省郑州市二七区幸福路,430
河南省郑州市二七区工人路,152
河南省郑州市二七区嵩山路街道长江中路,180
河南省郑州市二七区嵩山路街道郑密路,236
河南省郑州市二七区嵩山路街道环翠路,194
河南省郑州市二七区嵩山路街道嵩山南路,211
河南省郑州市二七区嵩山路街道兴华南街,107
河南省郑州市二七区嵩山南路,997
河南省郑州市二七区安泰路,122
河南省郑州市二七区安康路,150
河南省郑州市二七区大学路街道大学路,140
河南省郑州市二七区大学路,803
河南省郑州市二七区大学南路荆胡社区,111
河南省郑州市二七区大学南路绿地滨湖国际城,146
河南省郑州市二七区大学南路,2126
河南省郑州市二七区大学北路,181
河南省郑州市二七区大学中路,817
河南省郑州市二七区大同路,209
河南省郑州市二七区南建中街,118
河南省郑州市二七区南屏路,376
河南省郑州市二七区升龙城,492
河南省郑州市二七区勤劳街,190
河南省郑州市二七区兴隆街,157
河南省郑州市二七区兴华街,211
河南省郑州市二七区兴华南街,884
河南省郑州市二七区兴华北街,123
河南省郑州市二七区保全街,288
河南省郑州市二七区佳宝金三角时尚休闲女装市场,153
河南省郑州市二七区京广路街道连云路,336
河南省郑州市二七区京广路街道贺江路,145
河南省郑州市二七区京广路街道航海中路,111
河南省郑州市二七区京广路街道祥云路,152
河南省郑州市二七区京广路街道碧云路,230
河南省郑州市二七区京广路街道京广南路,126
河南省郑州市二七区京广路,135
河南省郑州市二七区京广南路,1109
河南省郑州市二七区京广中路,178
河南省郑州市二七区交通路,562
河南省郑州市二七区五里堡街道棉纺东路,186
河南省郑州市二七区二马路,114
河南省郑州市二七区二环支路,108
河南省郑州市二七区二七路,215
河南省郑州市二七区丹枫路,134
河南省郑州市二七区中原东路,135
河南省郑州市二七区一马路街道陇海东路,122
河南省郑州市二七区一马路后街,230
河南省郑州市二七区一马路,318
河南省郑州市中牟县黄店镇黄店村,122
河南省郑州市中牟县韩寺镇小韩村,102
河南省郑州市中牟县郑庵镇轩城大道,130
河南省郑州市中牟县郑庵镇泰祥汽贸园,130
河南省郑州市中牟县郑庵镇宏达车业广场,138
河南省郑州市中牟县郑庵镇大庄村泰祥汽贸园,168
河南省郑州市中牟县郑庵镇中部汽贸港,159
河南省郑州市中原区颖河路,114
河南省郑州市中原区陇海西路,1016
河南省郑州市中原区金田路,186
河南省郑州市中原区金水西路,274
河南省郑州市中原区金兰路,104
河南省郑州市中原区郑上路,341
河南省郑州市中原区车兴街,117
河南省郑州市中原区西站路,108
河南省郑州市中原区西四环,340
河南省郑州市中原区董寨路,194
河南省郑州市中原区航海西路街道颍河西路,144
河南省郑州市中原区航海西路街道陇海西路,508
河南省郑州市中原区航海西路街道航海西路,665
河南省郑州市中原区航海西路街道禧泰佳苑,167
河南省郑州市中原区航海西路街道淮河路,110
河南省郑州市中原区航海西路街道汝河路,389
河南省郑州市中原区航海西路街道汝河西路,122
河南省郑州市中原区航海西路街道汇泉景悦城,150
河南省郑州市中原区航海西路街道民安星辰,155
河南省郑州市中原区航海西路街道桐柏南路,215
河南省郑州市中原区航海西路街道悦栖苑,189
河南省郑州市中原区航海西路街道帝湖花园,132
河南省郑州市中原区航海西路街道工人路,173
河南省郑州市中原区航海西路街道前进路,377
河南省郑州市中原区航海西路,605
河南省郑州市中原区绿东村街道桐柏路,121
河南省郑州市中原区绿东村街道办事处陇海西路,144
河南省郑州市中原区绿东村街道办事处桐柏路,172
河南省郑州市中原区绿东村街道伏牛路,158
河南省郑州市中原区绿东村办事处伏牛路,106
河南省郑州市中原区秦岭路街道秦岭路,127
河南省郑州市中原区秦岭路街道棉纺西路,215
河南省郑州市中原区秦岭路街道建设西路,138
河南省郑州市中原区秦岭路,680
河南省郑州市中原区百花路,190
河南省郑州市中原区电厂路,515
河南省郑州市中原区电厂南路,123
河南省郑州市中原区王屋路,120
河南省郑州市中原区煤仓北路,175
河南省郑州市中原区濮河路,156
河南省郑州市中原区淮河路,151
河南省郑州市中原区淮河西路,102
河南省郑州市中原区汝河路街道汝河路,155
河南省郑州市中原区汝河路,723
河南省郑州市中原区汝河西路,162
河南省郑州市中原区汇泉西悦城,214
河南省郑州市中原区棉纺路街道棉纺西路,247
河南省郑州市中原区棉纺路街道建设西路,102
河南省郑州市中原区棉纺路街道嵩山北路,131
河南省郑州市中原区棉纺西路,882
河南省郑州市中原区桐柏路街道金水西路,245
河南省郑州市中原区桐柏路街道电厂路,232
河南省郑州市中原区桐柏路街道煤仓北路,150
河南省郑州市中原区桐柏路街道桐柏北路,333
河南省郑州市中原区桐柏路街道嵩山北路,125
河南省郑州市中原区桐柏路街道冉屯路,215
河南省郑州市中原区桐柏路街道冉屯西路,120
河南省郑州市中原区桐柏路街道冉屯北路,169
河南省郑州市中原区桐柏路,556
河南省郑州市中原区桐柏南路,1062
河南省郑州市中原区桐柏北路,387
河南省郑州市中原区林山寨街道工人路,139
河南省郑州市中原区林山寨街道友爱路,112
河南省郑州市中原区林山寨街道伊河路,137
河南省郑州市中原区建设路,254
河南省郑州市中原区建设西路,1293
河南省郑州市中原区市场街,155
河南省郑州市中原区工农路,227
河南省郑州市中原区工人路,544
河南省郑州市中原区嵩山北路,384
河南省郑州市中原区友爱路,191
河南省郑州市中原区华山路,415
河南省郑州市中原区前进路,340
河南省郑州市中原区农业路,103
河南省郑州市中原区冉屯路,250
河南省郑州市中原区冉屯西路,125
河南省郑州市中原区冉屯北路,139
河南省郑州市中原区伏牛路,232
河南省郑州市中原区伊河路,574
河南省郑州市中原区中原西路街道中原中路,350
河南省郑州市中原区中原西路,718
河南省郑州市中原区中原中路,1252
河南省郑州市中原区三官庙街道郑上路,154
河南省郑州市上街区金华路,121
河南省郑州市上街区许昌路,172
河南省郑州市上街区淮阳路,190
河南省郑州市上街区济源路街道济源路,190
河南省郑州市上街区济源路,299
河南省郑州市上街区汝南路,134
河南省郑州市上街区新安路,128
河南省郑州市上街区新乡路,104
河南省郑州市上街区丹江路与衡山路交叉口东南角金裕中心,228
河南省郑州市上街区中心路街道许昌路,109
河南省郑州市上街区中心路街道丹江路与衡山路交叉口东南角金裕中心,122
河南省郑州市上街区中心路,158
河南省许昌市长葛市长兴路街道中创国际博览城,117
河南省许昌市长葛市金桥路街道铁东路南段东侧,106
河南省许昌市长葛市金桥路街道金英路南段西侧,104
河南省许昌市长葛市董村镇董村社区,217
河南省许昌市长葛市董村镇口王村,119
河南省许昌市长葛市老城镇和平社区,203
河南省许昌市长葛市石固镇朝阳村,214
河南省许昌市长葛市石固镇南寨西街村,173
河南省许昌市长葛市大周镇赵庄村,116
河南省许昌市长葛市大周镇小谢庄村,127
河南省许昌市长葛市大周镇大周村,313
河南省许昌市长葛市大周镇和尚杨村,130
河南省许昌市长葛市后河镇后河村,301
河南省许昌市长葛市古桥镇庙张村,173
河南省许昌市长葛市佛耳湖镇尚庄村,157
河南省许昌市长葛市佛耳湖镇大孟村,137
河南省许昌市襄城县范湖乡范西村,141
河南省许昌市襄城县王洛镇西村,136
河南省许昌市襄城县汾陈乡汾陈村,125
河南省许昌市禹州市火龙镇火龙村,109
河南省许昌市建安区镜水路镜湖花园,109
河南省许昌市建安区灵井镇灵南村,126
河南省许昌市建安区昌盛路,131
河南省西峡县回车镇杜店社区,107
河南省虞城县古王集乡南祝庄村,266
河南省虞城县刘店乡,310
河南省焦作市解放区车站街,187
河南省焦作市解放区解放中路,107
河南省焦作市解放区站前路,122
河南省焦作市解放区王褚街道,493
河南省焦作市解放区民主街道车站街,127
河南省焦作市解放区民主南路,240
河南省焦作市解放区工业路,113
河南省焦作市温县温泉街道振兴路,105
河南省焦作市温县温泉街道太行路,209
河南省焦作市温县温泉街道古温大街,150
河南省焦作市武陟县龙源街道沁河路,109
河南省焦作市武陟县龙泉街道文化路,140
河南省焦作市武陟县木城街道红旗路,106
河南省焦作市修武县城关镇竹林大道创新创业孵化园,410
河南省濮阳市黄河路与香山路交叉口,116
河南省濮阳市颐和路,323
河南省濮阳市金堤路北段企业总部大厦,2456
河南省濮阳市范县龙王庄镇龙王庄村,142
河南省濮阳市范县陈庄乡陈庄村,111
河南省濮阳市范县陆集乡六合社区,189
河南省濮阳市范县辛庄乡产业园,155
河南省濮阳市范县白衣阁乡商贸城,137
河南省濮阳市范县濮城镇濮州路,186
河南省濮阳市范县杨集乡刘辛店,141
河南省濮阳市范县新区金水路新正大电商虚拟创业园,622
河南省濮阳市范县新区金水路新正大电商创业园,1386
河南省濮阳市范县新区商会大厦,155
河南省濮阳市范县张庄镇迎宾路,132
河南省濮阳市范县城关镇正大建材城,333
河南省濮阳市濮阳县户部寨乡李道期村,734
河南省濮阳市濮阳县户部寨乡李道期,536
河南省濮阳市濮阳县户部寨乡户部寨集,285
河南省濮阳市濮阳县,147
河南省濮阳市开发区王助镇东李庄村向东,103
河南省濮阳市市辖区中原路与安凯路交叉口南,430
河南省濮阳市台前县马楼镇汽配路,111
河南省濮阳市台前县城关镇金水南路,109
河南省濮阳市台前县城关镇槐荫路,140
河南省濮阳市台前县城关镇新华街,159
河南省濮阳市台前县城关镇建新街,158
河南省濮阳市台前县城关镇人民路,198
河南省濮阳市卫都大道与昆吾路交叉口向西,121
河南省濮阳市卫河路,104
河南省濮阳市南乐县城关镇傅潭路农贸市场,117
河南省濮阳市南乐县傅潭路农贸市场,329
河南省濮阳市中原路与安凯路交叉口南,1055
河南省漯河市郾城区龙城镇钮王村,132
河南省漯河市郾城区龙城镇西刘村,103
河南省漯河市郾城区龙城镇白庄村,141
河南省漯河市郾城区龙城镇栗庄村,141
河南省漯河市郾城区龙城镇李湾村,103
河南省漯河市郾城区龙城镇徐庄村,232
河南省漯河市郾城区龙城镇常湾村,194
河南省漯河市郾城区龙城镇小王庄村,117
河南省漯河市郾城区龙城镇小王庄,103
河南省漯河市郾城区龙城镇大李村,177
河南省漯河市郾城区龙城镇后黄村,120
河南省漯河市郾城区龙城镇十五里店村,214
河南省漯河市郾城区龙城镇前黄村,247
河南省漯河市郾城区龙城镇仲李村,102
河南省漯河市郾城区黄河路西段北侧华山美食城,1665
河南省漯河市郾城区黄山路阳光世纪苑,141
河南省漯河市郾城区黄山路电业局小区,168
河南省漯河市郾城区辽河路通和馨居,157
河南省漯河市郾城区裴城镇宋岗村,151
河南省漯河市郾城区裴城镇三丁村,141
河南省漯河市郾城区舟山路盛隆世纪新城,133
河南省漯河市郾城区福星家园小区,108
河南省漯河市郾城区淞江街道,155
河南省漯河市郾城区沙北街道海河路海河小区,261
河南省漯河市郾城区沙北街道嵩山路沙田锦绣天地,115
河南省漯河市郾城区沙北街道嵩山路嵩山小区,115
河南省漯河市郾城区沙北街道崂山路银都花园,103
河南省漯河市郾城区沙北街道崂山路苏荷红馆,116
河南省漯河市郾城区沙北昌建东外滩A,140
河南省漯河市郾城区李集镇陈东村,178
河南省漯河市郾城区李集镇大王村,184
河南省漯河市郾城区李集镇后李村,256
河南省漯河市郾城区李集乡郭西村一组,103
河南省漯河市郾城区李集乡老官田村一组,106
河南省漯河市郾城区李集乡潘付刘村,2792
河南省漯河市郾城区李集乡大宋村一组,103
河南省漯河市郾城区李集乡位李村一组,103
河南省漯河市郾城区新店镇闫李村,286
河南省漯河市郾城区新店镇薛庄村,241
河南省漯河市郾城区新店镇春庄村,108
河南省漯河市郾城区新店镇新店村,204
河南省漯河市郾城区新店镇斗王村,391
河南省漯河市郾城区新店镇张店村,306
河南省漯河市郾城区新店镇周庄村,211
河南省漯河市郾城区新店镇吴拐村,168
河南省漯河市郾城区新店镇台东村,116
河南省漯河市郾城区新店镇前丁村,195
河南省漯河市郾城区新店镇冯庄村,261
河南省漯河市郾城区新店镇任庄村,177
河南省漯河市郾城区新店镇三赵村,181
河南省漯河市郾城区建业森林半岛,155
河南省漯河市郾城区嵩山路沙田锦绣天地,101
河南省漯河市郾城区崂山路银都花园,142
河南省漯河市郾城区崂山路苏荷红馆,120
河南省漯河市郾城区孟庙镇五里岗村,537
河南省漯河市郾城区太行山公寓,355
河南省漯河市郾城区天泰大厦,423
河南省漯河市郾城区城关镇龙塔路,143
河南省漯河市郾城区商贸大世界,188
河南省漯河市郾城区商桥镇靳庄村,547
河南省漯河市郾城区商桥镇胡湾村,104
河南省漯河市郾城区商桥镇王湾村,210
河南省漯河市郾城区商桥镇大闫村,145
河南省漯河市郾城区商桥镇大杨村,101
河南省漯河市郾城区商桥镇商南村,144
河南省漯河市郾城区商桥镇商东村,142
河南省漯河市郾城区商桥镇刘孟村,1222
河南省漯河市郾城区井岗山路棕榈城,101
河南省漯河市西城区长江路与翠华山路交叉口鲁明大厦人力资源服务产业园(集群注册),358
河南省漯河市西城区汉江路与太白山路交叉口世界港二楼,994
河南省漯河市西城区太白山路与汉江路交叉口MAX世界港,103
河南省漯河市西城区S,159
河南省漯河市舞阳县马村乡黄林村一组,112
河南省漯河市舞阳县马村乡马北村一组,481
河南省漯河市舞阳县马村乡范台村一组,185
河南省漯河市舞阳县马村乡红旗村一组,304
河南省漯河市舞阳县马村乡沟陈村一组,542
河南省漯河市舞阳县马村乡放磨店村,177
河南省漯河市舞阳县马村乡尚张村一组,181
河南省漯河市舞阳县马村乡大郭庄村一组,270
河南省漯河市舞阳县马村乡前姚村一组,258
河南省漯河市舞阳县马村乡任桥村一组,125
河南省漯河市舞阳县马村乡乔庄村一组,308
河南省漯河市舞阳县章化乡章化村一组,170
河南省漯河市舞阳县章化乡朱左村一组,187
河南省漯河市舞阳县章化乡康庄村一组,155
河南省漯河市舞阳县章化乡岭张村二组,358
河南省漯河市舞阳县章化乡岭张村三组,196
河南省漯河市舞阳县章化乡刘庄村一组,164
河南省漯河市舞阳县章化乡军李村一组,167
河南省漯河市舞阳县北舞渡镇鹿店村一组,493
河南省漯河市舞阳县北舞渡镇鹿庄村一组,306
河南省漯河市舞阳县北舞渡镇郑李村一组,144
河南省漯河市舞阳县北舞渡镇西大街村一组,146
河南省漯河市舞阳县北舞渡镇西大街村,235
河南省漯河市舞阳县北舞渡镇菜园刘村,134
河南省漯河市舞阳县北舞渡镇方子街村三组,111
河南省漯河市舞阳县北舞渡镇嵩庄村一组,158
河南省漯河市舞阳县北舞渡镇中山街村三组,168
河南省漯河市舞阳县北舞渡镇中山街村一组,218
河南省漯河市舞阳县北舞渡镇中山街村,124
河南省漯河市舞阳县候集镇余庄村,293
河南省漯河市舞阳县侯集乡小裴城,315
河南省漯河市舞阳县侯集乡和谐路,230
河南省漯河市经济技术开发区人民东路闽豫建材城,183
河南省漯河市源汇区马路街街道昌建广场SOHO写字楼,193
河南省漯河市源汇区问十乡西师村,130
河南省漯河市源汇区问十乡望天村,138
河南省漯河市源汇区问十乡曹店村,353
河南省漯河市源汇区问十乡宋庄村,437
河南省漯河市源汇区金江路祥和家园,143
河南省漯河市源汇区金江路大唐凤凰府,219
河南省漯河市源汇区金江路,142
河南省漯河市源汇区贸易区北京路,157
河南省漯河市源汇区西京路,180
河南省漯河市源汇区湘江路湘江小镇,218
河南省漯河市源汇区湘江西路,387
河南省漯河市源汇区泰山路碧湖御园,263
河南省漯河市源汇区泰山路盛世嘉园,206
河南省漯河市源汇区泰山路南段盛世嘉园,269
河南省漯河市源汇区汉江路龙祥花园三单元,117
河南省漯河市源汇区汉江路龙祥家园,772
河南省漯河市源汇区柳江路金域蓝湾,330
河南省漯河市源汇区柳江路西段,138
河南省漯河市源汇区柳江路柳江小区,4071
河南省漯河市源汇区柳江路柳江东苑,446
河南省漯河市源汇区柳江路文萃江南,9675
河南省漯河市源汇区柳江路康平花园,190
河南省漯河市源汇区柳江路,299
河南省漯河市源汇区干河陈街道银江路丽江花园,121
河南省漯河市源汇区干河陈街道金江路大唐凤凰府,117
河南省漯河市源汇区干河陈街道湘江路与太行山路西南角,125
河南省漯河市源汇区干河陈街道泰山路南段蓝湖小区,151
河南省漯河市源汇区干河陈街道泰山路南段盛世嘉园,978
河南省漯河市源汇区干河陈街道桂江路电商大厦,192
河南省漯河市源汇区干河陈街道柳江路柳江小区,924
河南省漯河市源汇区干河陈街道柳江路文萃江南,2484
河南省漯河市源汇区干河陈街道柳江路文萃村,205
河南省漯河市源汇区干河陈街道柳江路康平小区,409
河南省漯河市源汇区干河陈街道文萃江南,152
河南省漯河市源汇区干河陈街道干河陈街道柳江路文萃江南,389
河南省漯河市源汇区干河陈街道干河陈街道柳江路文萃村,289
河南省漯河市源汇区干河陈街道太行山路巴黎都市,436
河南省漯河市源汇区干河陈街道太行山路与桂江路交叉口汇成商务中心,196
河南省漯河市源汇区干河陈街道大学路西段,122
河南省漯河市源汇区干河陈街道五一路螺湾小镇,106
河南省漯河市源汇区干河陈街道五一路开源森林庄园,240
河南省漯河市源汇区太行山路南端,211
河南省漯河市源汇区太行山路南段,121
河南省漯河市源汇区太行山路与桂江路交叉口汇成商务中心,3086
河南省漯河市源汇区太行山与桂江路交叉口汇成商务中心,414
河南省漯河市源汇区大刘镇计生办门面房,328
河南省漯河市源汇区人民路昌建广场SOHO写字楼,1474
河南省漯河市源汇区人民路昌建广场,264
河南省漯河市源汇区人民路与文化路交叉口昌建广场,101
河南省漯河市源汇区五一路汇源小区,172
河南省漯河市源汇区五一路开源森林庄园,127
河南省漯河市源汇区五一路开园森林庄园,103
河南省漯河市源汇区五一路南段香樟花园,280
河南省漯河市源汇区五一路南段,311
河南省漯河市源汇区,203
河南省漯河市召陵区龙塘村,187
河南省漯河市召陵区黄河路金色龙湾立华公寓,355
河南省漯河市召陵区翟庄龙塘村,188
河南省漯河市召陵区燕山路和谐家园小区,142
河南省漯河市召陵区燕山路和谐家园,281
河南省漯河市召陵区桐柏山路东方明珠一期,113
河南省漯河市召陵区天桥创业中心,409
河南省漯河市召陵区召陵镇黄庄村,155
河南省漯河市召陵区东城产业集聚区桃园路北侧,124
河南省漯河市临颍县石桥乡,122
河南省漯河市临颍县瓦店镇后徐村和谐广场数字电商产业园,102
河南省济源市钟楼街,114
河南省济源市济源大道中段,1061
河南省济源市济水大街中段,108
河南省济源市河合流动,627
河南省济源市梨林电商物流中心,236
河南省济源市文昌中路,111
河南省济源市御驾流动,1579
河南省济源市天坛中路,118
河南省济源市大峪镇政府北院内,107
河南省济源市南街集贸市场,128
河南省济源市北海办事处济渎路商务内街西,128
河南省济源市北海办事处济渎路商务内街东,417
河南省济源市中原国际商贸城A,110
河南省洛阳市高新区丰李镇丰李村,166
河南省洛阳市西工区金谷园路,230
河南省洛阳市西工区金谷园村,215
河南省洛阳市西工区道南路,248
河南省洛阳市西工区解放路,147
河南省洛阳市西工区衡山路,453
河南省洛阳市西工区行署路,116
河南省洛阳市西工区纱厂西路,108
河南省洛阳市西工区纱厂南路,206
河南省洛阳市西工区纱厂北路,140
河南省洛阳市西工区纱厂东路,113
河南省洛阳市西工区红山乡下沟村,107
河南省洛阳市西工区王城路,108
河南省洛阳市西工区王城大道,951
河南省洛阳市西工区汉宫路,125
河南省洛阳市西工区唐宫西路,131
河南省洛阳市西工区凯旋西路,152
河南省洛阳市西工区凯旋东路,120
河南省洛阳市西工区五洲国际工业博览城,203
河南省洛阳市西工区九都路,436
河南省洛阳市西工区中州中路,671
河南省洛阳市西工区,105
河南省洛阳市老城区邙山镇春都路,105
河南省洛阳市老城区邙山镇宏进市场A区,118
河南省洛阳市老城区西大街,154
河南省洛阳市老城区西关街道唐宫东路,122
河南省洛阳市老城区西关街道中州中路,126
河南省洛阳市老城区洛邑古城LYGP,116
河南省洛阳市老城区春都路,816
河南省洛阳市老城区唐宫东路,217
河南省洛阳市老城区九都东路,134
河南省洛阳市老城区中州中路,114
河南省洛阳市老城区中州东路,145
河南省洛阳市瀍河回族区夹马营路,113
河南省洛阳市瀍河回族区启明南路,520
河南省洛阳市瀍河回族区中州东路东段,225
河南省洛阳市瀍河回族区,108
河南省洛阳市涧西区长安路街道景华路,114
河南省洛阳市涧西区长安路街道建设路,104
河南省洛阳市涧西区长安路街道,196
河南省洛阳市涧西区辛店街道万邦国际农产品批发市场T,124
河南省洛阳市涧西区西苑路,168
河南省洛阳市涧西区联盟路,138
河南省洛阳市涧西区珠江路街道辽宁路,134
河南省洛阳市涧西区珠江路街道珠江路,132
河南省洛阳市涧西区珠江路街道南昌路,132
河南省洛阳市涧西区景华路,183
河南省洛阳市涧西区建设路,341
河南省洛阳市涧西区安徽路,107
河南省洛阳市涧西区天津路街道建设路,108
河南省洛阳市涧西区天津路街道,117
河南省洛阳市涧西区天津路,159
河南省洛阳市涧西区南昌路,358
河南省洛阳市涧西区九都西路,288
河南省洛阳市涧西区丽新路世纪华阳花园,122
河南省洛阳市涧西区中州西路,209
河南省洛阳市涧西区,120
河南省洛阳市洛龙区龙门大道,311
河南省洛阳市洛龙区长夏门街,331
河南省洛阳市洛龙区长兴街,745
河南省洛阳市洛龙区金城寨街,306
河南省洛阳市洛龙区翠云路,162
河南省洛阳市洛龙区翠云东路,128
河南省洛阳市洛龙区美茵街,130
河南省洛阳市洛龙区牡丹大道,1507
河南省洛阳市洛龙区滨河南路,435
河南省洛阳市洛龙区永泰街,453
河南省洛阳市洛龙区开元大道,2204
河南省洛阳市洛龙区展览路,267
河南省洛阳市洛龙区定鼎门街,392
河南省洛阳市洛龙区太康路,132
河南省洛阳市洛龙区太康东路,375
河南省洛阳市洛龙区古城路,498
河南省洛阳市洛龙区关林通达综合市场,166
河南省洛阳市洛龙区关林路,243
河南省洛阳市洛龙区关林市场,228
河南省洛阳市洛龙区丰李镇丰李村,267
河南省洛阳市洛宁湖滨路县公园一号,109
河南省洛阳市汝阳县城关镇隆盛路,120
河南省洛阳市栾川县陶湾镇陶湾村,108
河南省洛阳市栾川县现代商贸产业园,108
河南省洛阳市栾川县栾川乡七里坪村,117
河南省洛阳市栾川县庙子乡庙子街,159
河南省洛阳市栾川县合峪镇合峪街,176
河南省洛阳市嵩县闫庄镇闫庄街,153
河南省洛阳市宜阳县锦屏镇黄龙庙村,151
河南省洛阳市宜阳县锦屏镇河下村,173
河南省洛阳市宜阳县白杨镇白杨五区,102
河南省洛阳市宜阳县柳泉镇柳泉村,175
河南省洛阳市孟津区河阳街道河阳路,315
河南省洛阳市孟津区河阳街道冶戌市场黄河路,190
河南省洛阳市孟津区朝阳镇朝阳村一组,112
河南省洛阳市孟津区城关镇城关村,106
河南省洛阳市吉利区黄河路瑞邦公司三楼,123
河南省洛阳市偃师区缑氏镇缑氏村,121
河南省洛阳市偃师区商城街道万达广场,120
河南省洛阳市伊滨区李村镇雷村,106
河南省洛阳市伊滨区李村镇永泰嘉苑,108
河南省洛阳市伊滨区李村镇新源嘉苑,130
河南省洛阳市伊滨区李村镇兰台嘉苑,180
河南省洛阳市伊滨区新源路,256
河南省洛阳市伊滨区新源嘉苑,136
河南省洛阳市伊滨区庞村镇西庞村,410
河南省洛阳市伊滨区庞村镇窑沟村,258
河南省洛阳市伊滨区庞村镇白草坡村,184
河南省洛阳市伊滨区庞村镇掘山村,157
河南省洛阳市伊滨区庞村镇大庄村,104
河南省洛阳市伊滨区庞村镇东庞村,380
河南省洛阳市伊滨区华耀城,1242
河南省洛阳市伊滨区创新大厦,158
河南省沈丘县范营乡,124
河南省沈丘县周营乡,280
河南省沈丘县,184
河南省正阳县袁寨乡袁寨街,117
河南省柘城县春水街道长乐社区,105
河南省杞县城关镇特色商业街,128
河南省新乡市高新区新飞大道,146
河南省新乡市长垣市蒲西长城大道,159
河南省新乡市长垣市蒲西银河新天地,129
河南省新乡市长垣市蒲西西关大街,125
河南省新乡市长垣市蒲西菜北大街,102
河南省新乡市长垣市蒲西桂陵大道,223
河南省新乡市长垣市蒲西宏力大道,115
河南省新乡市长垣市蒲西向阳路,269
河南省新乡市长垣市蒲西卫华大道,177
河南省新乡市长垣市蒲西华垣路,179
河南省新乡市长垣市蒲西匡城路,147
河南省新乡市长垣市蒲西人民路,138
河南省新乡市长垣市蒲北防腐建材城二期,139
河南省新乡市长垣市蒲东区岳庄商业街,119
河南省新乡市长垣市满村镇万通商城B,102
河南省新乡市长垣市方里镇中械医疗器械商城A,242
河南省新乡市长垣市常村镇中械医疗器械商城A,158
河南省新乡市长垣市孟岗镇孟岗村,166
河南省新乡市长垣市孟岗镇创业园,167
河南省新乡市长垣市南蒲国际万商城,227
河南省新乡市长垣市佘家镇自贸中心二期,129
河南省新乡市长垣市佘家镇中械医疗器械商城,239
河南省新乡市长垣县佘家乡中械医疗器械商城,107
河南省新乡市辉县市高庄乡高庄村,122
河南省新乡市辉县市张村乡裴寨村商业街,538
河南省新乡市辉县市常村镇固西村,406
河南省新乡市辉县市孟庄镇孟庄村,102
河南省新乡市辉县市占城镇大占城村,108
河南省新乡市辉县市北云门镇北云门村,161
河南省新乡市红旗区金穗大道,244
河南省新乡市红旗区洪门镇洪门社区,103
河南省新乡市红旗区洪门镇大学城北市场,187
河南省新乡市红旗区新延路,167
河南省新乡市红旗区新东大道,153
河南省新乡市红旗区文化街,200
河南省新乡市红旗区恒升世家A座,151
河南省新乡市红旗区平原路,508
河南省新乡市红旗区向阳路,305
河南省新乡市红旗区华兰大道,176
河南省新乡市红旗区劳动路南段,169
河南省新乡市红旗区劳动南街,264
河南省新乡市红旗区人民路,188
河南省新乡市红旗区人民东路,149
河南省新乡市红旗区东街平原路,154
河南省新乡市牧野区荣校路,104
河南省新乡市牧野区平原路,134
河南省新乡市牧野区宏力大道,130
河南省新乡市牧野区北干道,122
河南省新乡市牧野区中原路,137
河南省新乡市新飞大道,129
河南省新乡市新乡县朗公庙镇朗中街村,121
河南省新乡市新乡县小冀镇青年路北段,159
河南省新乡市新乡县小冀镇胡韦线与仁和街,238
河南省新乡市延津县胙城乡胙城村,103
河南省新乡市延津县王楼乡王楼村,361
河南省新乡市延津县城关镇西大街,223
河南省新乡市延津县城关镇文化路,178
河南省新乡市延津县司寨乡高寨村,107
河南省新乡市延津县东屯镇东屯村,138
河南省新乡市平原示范区桥北乡马庄村,123
河南省新乡市平原示范区桥北乡马井村,307
河南省新乡市平原示范区师寨镇许堂村,129
河南省新乡市平原示范区师寨镇张洼村,108
河南省新乡市封丘县黄陵镇黄陵村,109
河南省新乡市封丘县黄德镇黄德村,156
河南省新乡市封丘县陈桥镇陈桥村,195
河南省新乡市封丘县陈固镇陈固村,196
河南省新乡市封丘县赵岗镇赵岗村,289
河南省新乡市封丘县荆隆宫乡荆中村,154
河南省新乡市封丘县荆隆宫乡荆东村,160
河南省新乡市封丘县荆宫乡荆中村,143
河南省新乡市封丘县留光镇留光村发展路,105
河南省新乡市封丘县留光镇留光村,313
河南省新乡市封丘县电子商务产业园,217
河南省新乡市封丘县潘店镇潘店村,112
河南省新乡市封丘县李庄镇新区,142
河南省新乡市封丘县应举镇东大村,113
河南省新乡市封丘县应举镇丁寨村,157
河南省新乡市封丘县居厢镇居厢村,140
河南省新乡市封丘县城关镇黄池路南段路西,124
河南省新乡市封丘县城关镇黄池路南段路东,102
河南省新乡市封丘县城关镇西关村,106
河南省新乡市封丘县城关镇电子商务产业园,280
河南省新乡市封丘县城关镇文化路南段路东,104
河南省新乡市封丘县城关镇周庄村,159
河南省新乡市封丘县城关镇北干道西段路南,209
河南省新乡市封丘县城关镇北干道东段路南,131
河南省新乡市封丘县城关镇万庄村,115
河南省新乡市封丘县冯村乡冯村,177
河南省新乡市原阳县城关镇博浪沙街,106
河南省新乡市原阳县城关镇北干道,111
河南省新乡市卫辉市汲水镇下园村,151
河南省新乡市卫辉市城郊乡道西街,129
河南省新乡市卫辉市城郊乡仿古街东二道,259
河南省新乡市卫辉市后河镇信达电商产业园-A区,1053
河南省新乡市卫滨区解放路街道平原路,209
河南省新乡市卫滨区解放路,168
河南省新乡市卫滨区解放大道,170
河南省新乡市卫滨区平原路,363
河南省新乡市卫滨区化工路,137
河南省新乡市卫滨区光彩市场B区,192
河南省新乡市卫滨区光彩大市场B区,139
河南省新乡市卫滨区健康路街道,118
河南省新乡市卫滨区健康路,212
河南省新乡市卫滨区人民路,197
河南省新乡市卫滨区人民西路,126
河南省新乡市卫滨区东方文化商业步行街,111
河南省新乡市凤泉区大块镇陈堡村,176
河南省新乡市凤泉区大块镇秀才庄村,134
河南省新乡市凤泉区大块镇小块村,147
河南省新乡市凤泉区大块镇大块村,267
河南省新乡市凤泉区大块镇块村营村,213
河南省开封市龙亭区西门大街,105
河南省开封市龙亭区西大街,118
河南省开封市龙亭区北书店街,106
河南省开封市鼓楼区鼓楼街,241
河南省开封市鼓楼区鼓楼新天地,328
河南省开封市鼓楼区西门大街,110
河南省开封市鼓楼区胜利街,104
河南省开封市鼓楼区生产后街,121
河南省开封市鼓楼区生产中街,103
河南省开封市鼓楼区油坊街,134
河南省开封市鼓楼区新天地,189
河南省开封市鼓楼区寺后街,106
河南省开封市鼓楼区复兴南街,109
河南省开封市鼓楼区复兴北街,118
河南省开封市鼓楼区商场后街,221
河南省开封市鼓楼区向阳路,130
河南省开封市鼓楼区南书店街,262
河南省开封市鼓楼区华堂街,106
河南省开封市鼓楼区仙人庄街道居仙街,101
河南省开封市鼓楼区仙人庄街道中段,105
河南省开封市鼓楼区五一街道五一路,102
河南省开封市鼓楼区中山路北段,125
河南省开封市鼓楼区万善街,104
河南省开封市鼓楼区丁角街,136
河南省开封市顺河回族区汴京大道夜市,114
河南省开封市顺河回族区公园路,109
河南省开封市通许县行政路东段,110
河南省开封市通许县竖岗镇竖岗村,218
河南省开封市通许县玉皇庙镇迎宾大道一号张江科技园,184
河南省开封市禹王台区南郊乡昌升国际商贸城B区,195
河南省开封市禹王台区南郊乡宏进农副产品批发市场B区,104
河南省开封市祥符区黄龙东街,139
河南省开封市祥符区青年路,127
河南省开封市祥符区阿里巴巴电子商务园,145
河南省开封市祥符区贺庄前街,147
河南省开封市祥符区袁楼前街,108
河南省开封市祥符区袁坊乡袁坊村,139
河南省开封市祥符区科技大道,189
河南省开封市祥符区祥符大道,125
河南省开封市祥符区电子商务产业园北门面房四楼,248
河南省开封市祥符区深圳大道开杞路交叉口南侧数字经济产业园南楼,511
河南省开封市祥符区杜良乡夏都路,114
河南省开封市祥符区智祥众创电子商务产业园仓配中心北面房一楼,120
河南省开封市祥符区开杞路南侧数字经济产业园雏鹰科技小镇,116
河南省开封市祥符区开元街,161
河南省开封市祥符区宏达大道,108
河南省开封市祥符区县府西街,137
河南省开封市祥符区县府南街,152
河南省开封市祥符区县府东街,435
河南省开封市祥符区人民路西段,114
河南省开封市祥符区人民路,222
河南省开封市祥符区中学街,204
河南省开封市祥符区世纪大道,437
河南省开封市示范区豪德贸易广场西区,161
河南省开封市示范区西郊乡黄河大街北段,117
河南省开封市示范区西郊乡土城新街,420
河南省开封市示范区西郊乡土城中街,248
河南省开封市示范区水产品市场(大梁路),111
河南省开封市示范区宋城路,172
河南省开封市示范区四大街东方今典,160
河南省开封市杞县城关镇银河路,155
河南省开封市杞县城关镇金城大道,389
河南省开封市杞县城关镇文化西街,117
河南省开封市杞县城关镇振兴街,129
河南省开封市杞县城关镇建设路,143
河南省开封市杞县城关镇南环路,118
河南省开封市杞县城关镇南关大街,173
河南省开封市杞县城关镇东环路,102
河南省开封市杞县五里河镇豫东商贸城,179
河南省开封市尉氏县蔡庄镇北街村,108
河南省开封市尉氏县城关镇尉东市场,435
河南省开封市尉氏县南曹乡南曹村,123
河南省开封市兰考县考城镇魏花园村,168
河南省开封市兰考县考城镇林河砦村一组,148
河南省开封市兰考县考城镇南孙庄村,1088
河南省开封市兰考县考城镇南孙庄,130
河南省开封市兰考县考城镇刘埠口村,405
河南省开封市兰考县红庙镇牌坊村三组,137
河南省开封市兰考县红庙镇牌坊村一组,200
河南省开封市兰考县红庙镇牌坊村,142
河南省开封市兰考县红庙镇北代庄村二组,139
河南省开封市兰考县孟寨乡大力集村,103
河南省开封市兰考县兰阳街道裕禄大道,155
河南省开封市兰考县兰阳街道健康路,116
河南省开封市兰考县兰阳街道人民路,105
河南省开封市兰考县兰阳街道中山北街,125
河南省平顶山市高新区神马大道,109
河南省平顶山市高新区建设路东段,120
河南省平顶山市郏县冢头镇西寨村,143
河南省平顶山市舞钢市院岭街道龙寓花园,104
河南省平顶山市舞钢市铁山乡中合农发万商汇,101
河南省平顶山市舞钢市八台镇八台村,114
河南省平顶山市石龙区贾岭村东南,117
河南省平顶山市湛河区姚电大道林溪谷,213
河南省平顶山市湛河区姚电大道恒大名都,472
河南省平顶山市湛河区姚孟街道林溪谷,102
河南省平顶山市湛河区姚孟街道恒大名都,192
河南省平顶山市湛河区姚孟街道姚孟村,122
河南省平顶山市汝州市风穴路街道建兴街,156
河南省平顶山市汝州市风穴路街道城垣北路,115
河南省平顶山市汝州市风穴路街道城垣中路,121
河南省平顶山市汝州市风穴路街道丹阳中路,126
河南省平顶山市汝州市钟楼街道梁丰路,122
河南省平顶山市汝州市钟楼街道宏翔大道,175
河南省平顶山市汝州市钟楼街道丹阳东路,135
河南省平顶山市汝州市钟楼街道中大街,165
河南省平顶山市汝州市钟楼街道东关街,101
河南省平顶山市汝州市煤山街道锦绣路,150
河南省平顶山市汝州市煤山街道洗耳中路,103
河南省平顶山市汝州市煤山街道永安街,107
河南省平顶山市汝州市煤山街道望嵩中路,118
河南省平顶山市汝州市煤山街道广成西路,108
河南省平顶山市汝州市煤山街道双拥路,168
河南省平顶山市汝州市焦村乡焦村村,232
河南省平顶山市汝州市洗耳河街道望嵩南路,110
河南省平顶山市宝丰县石桥镇石桥村,156
河南省平顶山市叶县田庄乡大牛庄村,126
河南省平顶山市叶县常村乡赵岭村,220
河南省平顶山市卫东区建设路街道建设路碧桂园天玺,117
河南省平顶山市卫东区建设路街道建设路,217
河南省平顶山市卫东区建设路,133
河南省平顶山市卫东区光华路街道建设路,586
河南省平顶山市卫东区光华路街道平安大道辛北村,1000
河南省平顶山市卫东区光华路街道光华路,224
河南省平顶山市卫东区光华街道建设路,274
河南省平顶山市卫东区东工人镇街道雅景湾一楼,294
河南省平顶山市卫东区东工人镇街道申楼办事处焦庄村,543
河南省安阳市滑县高平镇高平集,156
河南省安阳市滑县高平镇河门头村,141
河南省安阳市滑县道口镇三科农商城,113
河南省安阳市滑县新区五洲新时代广场,142
河南省安阳市汤阴县宜沟镇安阳市新型制造产业园中原路,306
河南省安阳市汤阴县古贤镇新型材料产业园区院内-,178
河南省安阳市汤阴县伏道镇扁鹊特色产品电商园b区,1266
河南省安阳市汤阴县伏道镇扁鹊特色产品电商园E区-,573
河南省安阳市汤阴县伏道镇扁鹊特色产品电商园C区,1035
河南省安阳市汤阴县伏道镇扁鹊特色产品电商园A区,680
河南省安阳市汤阴县伏道镇扁鹊特色产品电商园,741
河南省安阳市汤阴县伏道镇岗阳村,321
河南省安阳市汤阴县伏道镇南阳村,1576
河南省安阳市汤阴县任固镇新天地市场,3876
河南省安阳市殷都区铁西路南段路东,172
河南省安阳市林州市黄华镇红旗渠大道,253
河南省安阳市林州市黄华镇国家,522
河南省安阳市林州市黄华镇,115
河南省安阳市林州市陵阳镇长德商贸城,115
河南省安阳市林州市茶店镇联建经济体,117
河南省安阳市林州市红旗渠经济技术开发区创新创业园现代服务业大厦Y,161
河南省安阳市林州市红旗渠大道,152
河南省安阳市林州市石板岩镇圣相北路,220
河南省安阳市林州市石板岩圣相北路,104
河南省安阳市林州市桂林镇人民政府现代服务业中心,253
河南省安阳市林州市国家,507
河南省安阳市林州市任村镇现代服务业基地Q,114
河南省安阳市林州市东岗镇科技产业园Z,126
河南省安阳市林州市东岗镇科技产业园L,146
河南省安阳市林州市东岗镇科技产业园G,210
河南省安阳市林州市东岗镇科技产业园B,180
河南省安阳市林州市东姚镇东姚路,149
河南省安阳市林州市,424
河南省安阳市文峰区宝莲寺镇郭村集,101
河南省安阳市安阳县韩陵镇韩陵大道,280
河南省安阳市安阳县瓦店乡商品街,316
河南省安阳市安阳县崔家桥镇永康大道,131
河南省安阳市安阳县北郭乡东市场,242
河南省安阳市北关区柏庄镇国秀市场,117
河南省安阳市内黄县宋村乡工贸园区,134
河南省安阳市内黄县六村乡工业园区,112
河南省安阳市内黄县亳城乡西亳城村,145
河南省安阳市内黄县井店镇南街村,130
河南省商丘市虞城县大杨集镇楚庄,105
河南省商丘市虞城县大杨集镇杨集村,133
河南省商丘市示范区平安街道,381
河南省商丘市睢阳区归德路与连霍高速交叉口南,252
河南省商丘市睢阳区,123
河南省商丘市睢县董店乡皇台电商街,674
河南省商丘市睢县董店乡工业园区,2735
河南省商丘市睢县河集乡吴庄村,117
河南省商丘市民权县人和镇,259
河南省商丘市梁园区高铁商业市场甲区,104
河南省商丘市梁园区谢集镇,139
河南省商丘市梁园区解放街道中州世贸,109
河南省商丘市梁园区白云街道中州路与团结路交叉口南,129
河南省商丘市梁园区水池铺乡水池铺村,128
河南省商丘市梁园区建设路高铁商业市场甲区,101
河南省商丘市梁园区双八镇王店村,121
河南省商丘市梁园区前进街道梁园市场,127
河南省商丘市梁园区,110
河南省商丘市柘城县邵元乡双河路,185
河南省商丘市柘城县城关镇黄山路,200
河南省商丘市柘城县城关镇长青路,162
河南省商丘市柘城县城关镇谷水西路,135
河南省商丘市柘城县城关镇海宁路,125
河南省商丘市柘城县城关镇未来大道,135
河南省商丘市柘城县城关镇昆仑大道,113
河南省商丘市柘城县城关镇康乐街,213
河南省商丘市柘城县城关镇和谐大街,169
河南省商丘市柘城县城关镇和平南街,217
河南省商丘市柘城县城关镇华景路,255
河南省商丘市柘城县城关镇北关大街,211
河南省商丘市柘城县城关镇兴中道,158
河南省商丘市柘城县城关镇中原路,123
河南省商丘市柘城县城关镇中原西路,241
河南省商丘市柘城县城关镇中原大街,145
河南省商丘市宁陵县城郊乡胡二庄,186
河南省商丘市宁陵县城郊乡胡三庄,288
河南省商丘市宁陵县城郊乡段庄,287
河南省商丘市宁陵县城郊乡李庄,166
河南省商丘市宁陵县城郊乡李大庄,393
河南省商丘市宁陵县城郊乡李七庄,161
河南省商丘市宁陵县城郊乡徐大庄,214
河南省商丘市宁陵县城郊乡孟楼,202
河南省商丘市宁陵县城郊乡吕庄,278
河南省商丘市宁陵县城郊乡十里铺,327
河南省商丘市宁陵县城郊乡刘油坊,174
河南省商丘市宁陵县城郊乡乔九庄,167
河南省商丘市宁陵县城关镇黄河路,123
河南省商丘市宁陵县城关镇黄山路,189
河南省商丘市宁陵县城关镇骊山路,1152
河南省商丘市宁陵县城关镇长江路,1605
河南省商丘市宁陵县城关镇珠江路,1640
河南省商丘市宁陵县城关镇泰山路,316
河南省商丘市宁陵县城关镇永乐南路,107
河南省商丘市宁陵县城关镇永乐北路,1510
河南省商丘市宁陵县城关镇新吾北路,834
河南省商丘市宁陵县城关镇张弓北路,540
河南省商丘市宁陵县城关镇建设西路,584
河南省商丘市宁陵县城关镇建设东路,179
河南省商丘市宁陵县城关镇崇文路,129
河南省商丘市宁陵县城关镇宁陵县西湖商城电商园,121
河南省商丘市宁陵县城关镇太行路,316
河南省商丘市宁陵县城关镇信陵西路,193
河南省商丘市宁陵县城关镇人民路,382
河南省商丘市宁陵县城关镇人民东路,864
河南省商丘市宁陵县城关镇万寿路,175
河南省商丘市夏邑县城关镇中原商贸港,119
河南省唐河县桐寨铺镇桐寨铺街,103
河南省周口市黄淮市场东区,132
河南省周口市黄淮市场,415
河南省周口市鹿邑县玄武镇人民路,102
河南省周口市鹿邑县五河风情街,103
河南省周口市项城市迎宾大道睿智新天地,407
河南省周口市项城市湖滨路欧蓓莎商城,129
河南省周口市项城市湖滨路欧蓓莎,173
河南省周口市项城市数字电商产业园L-,286
河南省周口市项城市数字电商产业园A-,8670
河南省周口市项城市光武街道数字电商产业园L-,276
河南省周口市项城市光武街道数字电商产业园A-,3404
河南省周口市郸城县白马镇南刘庄,107
河南省周口市郸城县白马镇刘庄,207
河南省周口市郸城县汲水镇王庄村,113
河南省周口市郸城县李庄,196
河南省周口市郸城县张完乡黄庄村,269
河南省周口市郸城县张完乡棉集村,109
河南省周口市郸城县张完乡李小集村,116
河南省周口市郸城县张完乡小张庄村,112
河南省周口市郸城县张完乡孙庄村,102
河南省周口市郸城县张完乡付庄村,247
河南省周口市郸城县张完乡中王庄村,122
河南省周口市郸城县城关镇科技大道,152
河南省周口市郸城县城关镇新华路,134
河南省周口市郸城县城关镇人民路,173
河南省周口市郸城县,498
河南省周口市西华县逍遥路上亿民国风情城,184
河南省周口市西华县西夏亭镇黄槐路,103
河南省周口市淮阳区陈风路,226
河南省周口市淮阳区葛店乡葛店村,106
河南省周口市淮阳区城关回族镇新华大街,160
河南省周口市淮阳区城关回族镇太昊陵商业街,105
河南省周口市淮阳区城关回族镇大同街,138
河南省周口市淮阳区城关回族镇商城东路,103
河南省周口市沈丘县槐店回族镇颍水路书香苑,1071
河南省周口市沈丘县槐店回族镇长安西路,137
河南省周口市沈丘县槐店回族镇长安中路,120
河南省周口市沈丘县槐店回族镇泰安路与工业路交叉口中央华府,569
河南省周口市沈丘县槐店回族镇泊龙湾小区三号楼五单元,168
河南省周口市沈丘县槐店回族镇泊龙湾小区三号楼二单元,115
河南省周口市沈丘县槐店回族镇泊龙湾小区一号楼四单元,488
河南省周口市沈丘县槐店回族镇泊龙湾小区一号楼五单元,484
河南省周口市沈丘县槐店回族镇泊龙湾小区一号楼三单元,1145
河南省周口市沈丘县槐店回族镇兆丰大道,112
河南省周口市沈丘县槐店回族镇人民大道和永安路交叉路口南,125
河南省周口市沈丘县槐店回族镇中宝家纺公寓二栋五单元,824
河南省周口市沈丘县槐店回族镇中宝家纺公寓三栋,126
河南省周口市沈丘县槐店回族镇中宝家纺公寓一栋八单元,587
河南省周口市沈丘县槐店回族镇中宝家纺公寓一栋五单元,447
河南省周口市沈丘县槐店回族镇中宝家纺公寓一栋三单元,358
河南省周口市沈丘县,124
河南省周口市扶沟县文化西路,111
河南省周口市扶沟县文化东路,187
河南省周口市开元路中兴新业港,7038
河南省周口市开元大道青网科技园,131
河南省周口市市辖区莲花路西段维也纳公园,107
河南省周口市市辖区莲花路与育才路交叉口南,126
河南省周口市市辖区莲花路与汉阳南路交叉口南,144
河南省周口市市辖区莲花路与工农路交叉口南,161
河南省周口市川汇区南郊乡后王营村,393
河南省周口市川汇区南郊乡后李庄村,108
河南省周口市川汇区南郊乡中村,106
河南省周口市川汇区华耀城F区,548
河南省周口市川汇区华耀城C区,504
河南省周口市川汇区华耀城B区,658
河南省周口市川汇区华耀城A区,749
河南省周口市川汇区七一西路,150
河南省周口市太康县高贤乡高贤街,326
河南省周口市太康县马头镇商业街,139
河南省周口市太康县马厂镇马厂南街,121
河南省周口市太康县逊母口镇北街,159
河南省周口市太康县芝麻洼乡太康县芝麻洼,130
河南省周口市太康县老冢镇西街,210
河南省周口市太康县老冢镇开发区,137
河南省周口市太康县老冢镇南街,115
河南省周口市太康县老冢镇北街,115
河南省周口市太康县纬一路,151
河南省周口市太康县电商产业园,629
河南省周口市太康县淮河路润泰纺织厂,301
河南省周口市太康县淮河路,314
河南省周口市太康县毛庄镇返乡创业园,356
河南省周口市太康县毛庄镇迎宾路,166
河南省周口市太康县毛庄镇绿地紫台,153
河南省周口市太康县毛庄镇绿地上境,123
河南省周口市太康县毛庄镇纬一路,129
河南省周口市太康县毛庄镇建业城南院,270
河南省周口市太康县毛庄镇太康县毛庄镇返乡创业园,236
河南省周口市太康县毛庄镇太康县万城商贸集聚港,274
河南省周口市太康县毛庄镇大刘庄,237
河南省周口市太康县毛庄镇合发利创业园区,162
河南省周口市太康县毛庄镇万达金麟府,197
河南省周口市太康县毛庄镇万城嘉年华三期,237
河南省周口市太康县毛庄镇万城嘉年华,283
河南省周口市太康县毛庄镇万城商贸,644
河南省周口市太康县毛庄镇万城,162
河南省周口市太康县板桥镇南街,166
河南省周口市太康县杨庙乡西街,182
河南省周口市太康县朱口镇西街,192
河南省周口市太康县大许寨乡北街路西,133
河南省周口市太康县城关回族镇支农路中段,120
河南省周口市太康县城关回族镇支农路东段,103
河南省周口市太康县城关回族镇德银商城,107
河南省周口市太康县城关回族镇光明路南段,105
河南省周口市太康县城关回族镇万鹤赉,187
河南省周口市太康县万城嘉年华,167
河南省周口市太康县万城商贸,161
河南省周口市城乡一体化示范区天山路大数据产业园,130
河南省周口市商水县郝岗乡市场,195
河南省周口市商水县谭庄镇湾子村,106
河南省周口市商水县谭庄镇市场,424
河南省周口市商水县舒庄乡市场,117
河南省周口市商水县胡吉镇蒋桥工贸区,105
河南省周口市商水县张明乡市场,242
河南省周口市商水县巴村镇巴南市场,154
河南省周口市商水县商宁路中段电商产业园D-,2764
河南省周口市商水县商宁路中段电商产业园A-,11241
河南省台前县马楼镇配件市场（流动）,305
河南省台前县马楼镇配件市场(流动),146
河南省南阳市镇平县贾宋镇闵河村,116
河南省南阳市镇平县贾宋镇车站路,188
河南省南阳市镇平县贾宋镇车站南路,219
河南省南阳市镇平县贾宋镇赵营村,140
河南省南阳市镇平县贾宋镇府佑路,114
河南省南阳市镇平县贾宋镇华星市场,125
河南省南阳市镇平县石佛寺镇龙翔路,228
河南省南阳市镇平县石佛寺镇魏湾村,273
河南省南阳市镇平县石佛寺镇贺庄村,268
河南省南阳市镇平县石佛寺镇石佛寺村,150
河南省南阳市镇平县石佛寺镇真玉天地,150
河南省南阳市镇平县石佛寺镇玉雕湾商贸城,948
河南省南阳市镇平县石佛寺镇玉博路,149
河南省南阳市镇平县石佛寺镇玉之友商贸城,219
河南省南阳市镇平县石佛寺镇李营村,110
河南省南阳市镇平县石佛寺镇新民路,262
河南省南阳市镇平县石佛寺镇新兴路,104
河南省南阳市镇平县石佛寺镇宝荷玉城,185
河南省南阳市镇平县石佛寺镇宝玉城,108
河南省南阳市镇平县石佛寺镇大仵营村,113
河南省南阳市镇平县石佛寺镇国际玉城,735
河南省南阳市镇平县石佛寺镇华夏玉都C区,127
河南省南阳市镇平县石佛寺镇华夏玉都B区,135
河南省南阳市镇平县石佛寺镇华夏玉都A区,152
河南省南阳市镇平县涅阳中央华府商业街,107
河南省南阳市镇平县涅阳中央华府,138
河南省南阳市镇平县中华玉源,407
河南省南阳市邓州市穰东镇仲景路,136
河南省南阳市邓州市湍河街道农商智慧城,114
河南省南阳市淅川县金河镇金榜路,115
河南省南阳市淅川县金河镇电子商务产业园,120
河南省南阳市淅川县金河镇电子产业园,102
河南省南阳市淅川县上集镇罗池贯,123
河南省南阳市桐柏县埠江镇李营村,146
河南省南阳市桐柏县城关镇红叶社区,128
河南省南阳市桐柏县城关镇新华街,105
河南省南阳市方城县释之街道西关社区释之路,132
河南省南阳市方城县释之街道民权街社区民主街,106
河南省南阳市方城县释之街道和平街,133
河南省南阳市方城县释之街道北关社区龙泉路,105
河南省南阳市方城县凤瑞街道翟庄社区文化路,196
河南省南阳市方城县凤瑞街道新建街社区潘庄,195
河南省南阳市方城县凤瑞街道安庄社区宇济一号,168
河南省南阳市方城县凤瑞街道安庄社区大凉亭,152
河南省南阳市方城县凤瑞街道交通街社区通达巷,120
河南省南阳市方城县凤瑞街道交通街社区名门世家,133
河南省南阳市方城县凤瑞街道交通街社区,233
河南省南阳市方城县凤瑞街道东关社区电视路,325
河南省南阳市方城县凤瑞街道三里岔社区,327
河南省南阳市宛城区汉冶街道范蠡东路宏江升龙苑,131
河南省南阳市宛城区新华街道联合街,230
河南省南阳市宛城区新华街道民权街,126
河南省南阳市宛城区新华街道民主街,110
河南省南阳市宛城区新华街道工农路,122
河南省南阳市宛城区孔明路建业凯旋广场,156
河南省南阳市宛城区仲景街道建业凯旋广场,142
河南省南阳市宛城区仲景街道孔明路建业凯旋广场,224
河南省南阳市宛城区仲景街道孔明大道建业凯旋广场,151
河南省南阳市宛城区仲景街道医圣祠街,110
河南省南阳市官庄工区嵩山路南段,1011
河南省南阳市官庄工区嵩山路北段,1152
河南省南阳市官庄工区嵩山路中段牛庄,107
河南省南阳市官庄工区官庄镇龙泉村,143
河南省南阳市官庄工区官庄镇振兴路南段,127
河南省南阳市官庄工区官庄镇振兴路中段邮局东,427
河南省南阳市官庄工区官庄镇振兴路中段,173
河南省南阳市官庄工区官庄镇振兴街,139
河南省南阳市官庄工区官庄镇人民路东段,210
河南省南阳市官庄工区官庄镇人民街,141
河南省南阳市官庄工区官庄镇交通路北段,110
河南省南阳市官庄工区大庆路西段,631
河南省南阳市官庄工区华山区北门中原路西段,327
河南省南阳市官庄工区中原路西段君高市场B区,125
河南省南阳市官庄工区中原路西段君高市场A区,158
河南省南阳市唐河县毕店镇毕店街,813
河南省南阳市唐河县张店镇明星路,296
河南省南阳市唐河县张店镇政府路,106
河南省南阳市唐河县张店镇张店街,192
河南省南阳市唐河县大河屯镇,532
河南省南阳市唐河县东王集乡王集街,157
河南省南阳市卧龙区车站南路,122
河南省南阳市卧龙区卧龙岗街道卧龙路,124
河南省南阳市卧龙区光武街道建设中路,106
河南省南阳市卧龙区光武街道光彩社区百里奚路光彩大市场,105
河南省南阳市卧龙区七一街道红庙路,101
河南省南阳市卧龙区七一街道七一路,163
河南省南阳市内乡县灌涨镇农牧装备孵化园,141
河南省南阳市内乡县湍东镇龙园路产业集聚区管理委员会,574
河南省南阳市内乡县湍东镇新,251
河南省南阳市内乡县湍东镇产业集聚区管理委员会C,288
河南省南阳市万邦市场D,115
河南省信阳市羊山新区国际商城,104
河南省信阳市潢川县仁和镇新街大展经济技术产业小区,128
河南省信阳市淮滨县顺河街道西城大道,114
河南省信阳市淮滨县滨湖街道办事处民政路,105
河南省信阳市淮滨县滨湖街道办事处正义街,218
河南省信阳市淮滨县滨湖街道办事处朝阳街,135
河南省信阳市淮滨县滨湖街道办事处大棚街,132
河南省信阳市淮滨县滨湖街道办事处乌龙大道,160
河南省信阳市浉河区老城街道东方红大道,112
河南省信阳市浉河区民权街道万家灯火,123
河南省信阳市浉河区工区路,382
河南省信阳市浉河区东方红大道,191
河南省信阳市浉河区万家灯火城市广场,139
河南省信阳市浉河区万家灯火,365
河南省信阳市浉河区,156
河南省信阳市新县陈店乡街道,116
河南省信阳市新县新集镇发展大道,207
河南省信阳市新县兰河企业孵化园C区,103
河南省信阳市平桥区平西办事处龙江路建材港,109
河南省信阳市平桥区平西办事处滨湖名都,107
河南省信阳市平桥区平西办事处南京路建材港,133
河南省信阳市平桥区平桥办事处龙江路,104
河南省信阳市平桥区平桥办事处平中大街,143
河南省信阳市平桥区平桥办事处农林路,199
河南省信阳市平桥区平桥办事处光明路,286
河南省信阳市固始县金睿大道金睿园区二号厂区,105
河南省信阳市固始县番城办事处鼎元医疗器械产业园,119
河南省信阳市固始县怡和首府大厦,357
河南省信阳市固始县城关镇怡和首府大厦,474
河南省信阳市固始县商务中心区信合珠江大厦,106
河南省信阳市固始县,135
河南省信阳市商城县上石桥镇街道,265
河南省信阳市光山县弦山街道兴隆路,126
河南省三门峡市经济开发区向阳村,108
河南省三门峡市经济开发区后川村,103
河南省三门峡市灵宝市尹庄镇涧东区涧东市场,138
河南省三门峡市灵宝市尹庄镇涧东区尹富市场,152
河南省三门峡市灵宝市尹庄镇新华路东关市场,181
河南省三门峡市灵宝市城关镇民生市场,116
河南省三门峡市湖滨区车站街道宏远市场,105
河南省三门峡市湖滨区和平路嘉亿广场,232
河南省三门峡市湖滨区前进街道陕州路与建设路交叉口北志远农贸市场,132
河南省三门峡市渑池县陈村乡黄花街北段,172
河南省三门峡市开发区向阳村,200
河南省三门峡市义马市滨河路,169
河南省三门峡市义马市泰山路街道滨河路,173
河南省三门峡市义马市泰山路街道振兴路,133
河南省三门峡市义马市泰山路街道光明街,194
河南省三门峡市义马市千秋路街道河东市场盟信电商园,165
沈丘县长安西街五福苑小区,131
沈丘县赵德营镇,233
沈丘县莲池镇莲花大道,200
沈丘县老城镇西关小区二期,1010
沈丘县老城镇西关小区一期,6780
沈丘县老城镇南关行政村,269
沈丘县老城镇,112
沈丘县纸店镇纸西行政村,426
沈丘县纸店镇纸东行政村,265
沈丘县纸店镇,101
沈丘县石槽集乡,128
沈丘县石槽乡,190
沈丘县白集镇鹿楼村三组,1100
沈丘县白集镇鹿楼村一组,779
沈丘县白集镇鹿楼村,2060
沈丘县白集镇高庄行政村一组,311
沈丘县白集镇韦庄村,221
沈丘县白集镇白集行政村,1193
沈丘县白集镇后三庄村一组,236
沈丘县白集镇合美家园社区,289
沈丘县白集镇刘楼行政村,4854
沈丘县白集镇,147
沈丘县留福镇南大街,112
沈丘县留福镇北大街,135
沈丘县洪山镇中心街,304
沈丘县槐店镇颍河大道南段,159
沈丘县槐店镇颍河大道北段,104
沈丘县槐店镇颍河商贸城,108
沈丘县槐店镇长安西路,182
沈丘县槐店镇长安中路,124
沈丘县槐店镇长安东路,154
沈丘县槐店镇迎宾大道,115
沈丘县槐店镇新华北街,157
沈丘县槐店镇惊天市场,359
沈丘县槐店镇恒瑞步行街,124
沈丘县槐店镇富都大道,123
沈丘县槐店镇吉祥中路,106
沈丘县槐店镇吉祥东路,110
沈丘县槐店镇交通东路,117
沈丘县槐店镇,138
沈丘县李老庄乡,178
沈丘县新安集镇新东行政村,231
沈丘县新安集镇,238
沈丘县小陈营行政村,1267
沈丘县北杨集镇幸福路,475
沈丘县北杨集,418
沈丘县刘庄店镇万荣广场一栋一单元,110
沈丘县付井镇,143
沈丘县人民大道与永安路交叉口电商产业园,3861
沁阳市鹏海保税博览城,122
沁阳市西向镇西向四街,109
沁阳市西向镇西向五街,102
沁阳市西向镇西向二街,125
沁阳市西向镇西向一街,117
沁阳市西万镇西万村,135
沁阳市怀府西路,125
汤阴县韩庄镇锦绣豪庭,120
汤阴县韩庄镇锦绣华府,147
汤阴县韩庄镇金域兰庭,156
汤阴县韩庄镇娄湾村,712
汤阴县韩庄镇大黄村,113
汤阴县韩庄镇大光村,138
汤阴县韩庄镇大云村,147
汤阴县韩庄镇国际御景城,135
汤阴县韩庄镇北张贾村,131
汤阴县韩庄镇云光社区,143
汤阴县苏庄村,101
汤阴县曹庄村,109
汤阴县宜沟镇安阳市新型制造产业园中原路,455
汤阴县大黄村,115
汤阴县城关精忠路,120
汤阴县城关政通路中段,132
汤阴县城关政通路东段,122
汤阴县城关政通路,119
汤阴县伏道镇岗阳村,2377
汝阳县陶营镇陶营村,109
汝阳县蔡店乡蔡店村,133
汝阳县蔡店乡常渠村,105
汝阳县城关镇隆盛路,190
汝州市西环路,276
汝州市洗耳中路,230
汝州市望嵩南路,148
汝州市望嵩中路,181
汝州市建兴街,125
汝州市庙下乡庙下村,121
汝州市广育路,176
汝州市广成西路,133
汝州市广成中路,113
汝州市安国路,122
汝州市城垣北路,131
汝州市城垣中路,210
汝州市丹阳西路,120
汝州市丹阳中路,277
汝州市丹阳东路,245
汝州市中大街,394
汝州市东环路,200
汝州市东关街,104
汝州市专业户街,182
汝南县金铺镇金铺集,147
汝南县留盆镇,149
汝南县王岗镇王岗集,109
汝南县板店乡,138
汝南县和孝镇和孝街,154
汝南县东官庄集,127
汝南县三门闸街道东城,147
永城市黄口乡黄口街,115
永城市陈官庄乡陈官庄街,105
永城市酇阳镇酇阳街,103
永城市裴桥镇裴桥街,172
永城市薛湖镇薛滦新城,152
永城市薛湖镇滦湖街,122
永城市薛湖镇南街,140
永城市新桥乡新桥街,130
永城市卧龙乡卧龙街,115
民权县林七乡林七集南街,114
民权县林七乡林七集东街,102
民权县新农汇农贸城,113
民权县孙六镇孙六集,160
民权县人和镇和谐大街,131
民权县人和镇人和集,127
歪子镇歪子村,114
武陟县圪垱店乡圪垱店村,107
正阳县雷寨乡西严店街,117
正阳县陡沟镇陡沟街,134
正阳县真阳镇东顺河街,106
正阳县真阳镇万宝聚市场,215
正阳县皮店乡皮店街,167
正阳县王勿桥乡王勿桥街,175
正阳县熊寨镇熊寨街,139
正阳县油坊店乡油坊店街,186
正阳县永兴镇永兴街,317
正阳县新阮店乡新阮店街,159
正阳县广源建材市场,112
正阳县寒冻镇寒冻街,294
正阳县吕河乡吕河街,158
正阳县付寨乡付寨街,187
梁园区高铁商业市场甲区,153
桐柏县城关镇淮源大道,157
桐柏县城关镇淮安街,153
桐柏县城关镇新华街,161
桐柏县城关镇大同街,128
栾川县陶湾镇陶湾村,144
栾川县重渡沟生态旅游建设示范区重渡村,352
栾川县石庙镇石庙村,105
栾川县白土镇马超营村,167
栾川县狮子庙镇狮子庙村,152
栾川县潭头镇潭头村,200
栾川县庙子镇庙子村,178
栾川县城君山西路,117
栾川县城君山东路,213
栾川县城兴华西路,119
栾川县合峪镇合峪村,208
柘城县学苑东路万洋商贸城,107
柘城县城关镇黄山路,116
柘城县城关镇黄山北路,134
柘城县城关镇正大旺街,108
柘城县城关镇春水东路,106
柘城县城关镇华景路,103
柘城县城关镇中原大街,122
柏庄新市场,278
柏庄新东市场,129
林州市横水镇中心大街,165
林州市振林街道,190
林州市任村镇,275
杞县高阳镇高阳村,167
杞县阳堌镇阳堌南村,141
杞县葛岗镇葛岗集,111
杞县葛岗镇葛岗村,153
杞县苏木乡苏木村,140
杞县沙沃乡沙北村,128
杞县于镇镇于北村,300
杞县中原万商城,158
李老庄乡中心街,169
李村镇李村街,225
李村镇新源嘉苑,147
李村镇兰台嘉苑,105
新野县王集镇王集街,171
新野县王庄镇西高营村,163
新野县王庄镇王桥村,183
新野县王庄镇潘庄村,136
新野县樊集乡樊集街,118
新野县朝阳路南段,161
新野县朝阳路中段,114
新野县施庵镇施庵街,160
新野县上庄乡柳坡村,124
新野县上庄乡上庄街,129
新郑市龙湖镇高坡岩市场,116
新郑市龙湖镇菜市场,926
新郑市龙湖镇泰山路菜市场,485
新郑市龙湖镇华南城,2348
新郑市龙湖镇,755
新郑市郭店镇五里口,151
新郑市新建南路,133
新郑市华南城,700
新郑市人民路,108
新店镇新店村,106
新店镇冯庄村,203
新密市青屏办事处青屏大街,282
新密市青屏办事处长乐路,355
新密市青屏办事处诚信路,161
新密市青屏办事处西大街,203
新密市青屏办事处育才街,189
新密市青屏办事处祥云街,158
新密市青屏办事处溱水路,244
新密市青屏办事处栖霞路,127
新密市青屏办事处开阳路,322
新密市青屏办事处平安路,115
新密市青屏办事处嵩山大道,220
新密市青屏办事处大鸿路,184
新密市超化镇超化街,115
新密市西大街办事处建材城,104
新密市苟堂镇苟堂街,211
新密市米村镇米村街路西,158
新密市牛店镇王庄街,135
新密市曲梁镇下牛村,109
新密市平陌镇平陌街,588
新密市宏通市场,102
新密市大隗镇南湾,128
新密市刘寨镇刘寨街,117
新密市刘寨镇刘寨村,106
新安县北冶镇柿树岭村,136
新县苏河镇街道,102
新县新集镇京九路,130
新县城关航空路,110
新县城关京九路,124
新县吴陈河镇街道,117
新县千斤乡街道,173
新乡市红旗区平原路,119
新乡市平原路,225
新乡市平原示范区韩董庄镇韩董庄村,144
新乡市凤泉区大块镇大块村,107
新乡市人民路,102
新乡县小冀镇青年路北段,123
新乡县小冀镇菜市场,105
新乡县大召营镇大召营村,170
新乡县合河乡合河村,111
文留镇文留集,104
拼多多:https://shop.pinduoduo.com/,439
户部寨镇户部寨集,154
户部寨乡户部寨集,126
惠济区信基调味食品城,105
息县息州大道中段,129
思故台北区,358
思故台一楼,172
微店平台:www.weidian.com/s/,140
微店平台:https://weidian.com/s/,409
微店:https://weidian.com/s/,396
徐庄村,289
开封豪德贸易广场西区,489
开封豪德贸易广场东区,223
开封市鼓楼区解放路,133
开封市鼓楼区寺后街,187
开封市鼓楼区大纸坊街,557
开封市鼓楼区友谊商场,179
开封市鼓楼区五一街道魏都路,310
开封市金明大道,113
开封市金康苑,190
开封市豪德贸易广场西区,232
开封市豪德贸易广场东区,105
开封市祥符区陈留镇西街,105
开封市祥符区曲兴镇曲兴商业街,110
开封市祥符区城关镇青年路,219
开封市祥符区城关镇科教大道,142
开封市祥符区城关镇文化路,373
开封市祥符区城关镇开祥路,200
开封市祥符区城关镇开元胡同,158
开封市祥符区城关镇宏达大道,200
开封市祥符区城关镇人民路,282
开封市祥符区城关镇东京九里,104
开封市祥符区城关镇世纪大道,178
开封市祥符区城关镇上禾大道,320
开封市祥符区县府南街,127
开封市祥符区仇楼镇仇楼村,110
开封市祥符区万隆乡万隆村,201
开封市碧水蓝城,102
开封市宋城路,126
开封市大梁路,120
开封县陈留镇西街,133
开封县陈留镇南街,118
开封县县府南街,199
开封县仇楼镇仇楼村,101
开发区麒麟建材城,191
延津县丰庄镇丰庄社区,223
延津县丰庄镇丰庄村,165
平顶山市湛河区杨西新村,182
平顶山市湛河区北渡新村,363
平顶山市湛河区东风路市场,148
平顶山市新华区西高皇街道春晖路,111
平顶山市新华区天成果水果批发市场,160
平舆县陈蕃路北段,108
平舆县郭楼镇郭楼集,107
平舆县解放街西段,102
平舆县解放街中段,128
平舆县解放街东段,123
平舆县西洋店镇西洋店集,131
平舆县老王岗乡老王岗集,159
平舆县玉皇庙集,116
平舆县杨埠镇河南集市,116
平舆县李屯集,136
平舆县建设街南段,154
平舆县建设街中段,102
平舆县庙湾镇庙湾集,107
平舆县古槐商业步行街,126
平舆县东和店镇,173
平桥区邢集镇街,163
平桥区胡店乡街,267
平桥区肖店乡街,168
平桥区洋河镇街,140
平桥区查山乡街,165
平桥区平西路,144
平桥区平桥大道,143
平桥区平昌关镇街,114
平桥区平安大道,120
平桥区农林路,147
平桥区中心大道,159
平原路,201
市区光明路市场西,113
市区光明路市场东,120
巩义市鲁庄镇鲁庄村,184
巩义市竹林镇长寿山风情古镇,105
巩义市杜甫路万洋商贸城,108
巩义市建设路,101
巩义市小关镇口头村,112
川汇区汉阳路北段,106
川汇区文昌社区居委会,237
川汇区德化街,170
川汇区建设路,178
川汇区山义街,107
川汇区复兴街,247
川汇区华耀城C-,198
川汇区华耀城C,133
川汇区华耀城B-,269
川汇区华耀城B,162
川汇区华耀城A,114
川汇区兴业路,462
川汇区八一路中段,112
川汇区七一路西段,121
嵩县黄庄乡黄庄街,245
嵩县饭坡乡饭坡街,124
嵩县闫庄镇闫庄街,125
嵩县车村镇车村街,315
嵩县白河镇白河街,106
嵩县田湖镇田湖街,306
嵩县旧县镇旧县街,199
嵩县德亭镇德亭街,118
嵩县大章镇大章街,150
嵩县大坪乡大坪街,172
嵩县城建设路,174
嵩县城嵩州路,119
嵩县城关镇建设路,102
嵩县城人民路,143
嵩县九店乡九店街,199
崇法寺北关糖酒批发市场,134
山阳区解放东路豫通农贸市场,126
小陈营行政,111
尉氏县门楼任乡门楼任村,159
尉氏县邢庄乡豫东农贸市场,133
尉氏县蔡庄镇北街村,110
尉氏县洧川镇东街村,205
尉氏县庄头镇庄头村,103
尉氏县岗李乡韩佐村,101
尉氏县大马乡大马村,155
尉氏县大营镇大营村,167
尉氏县大桥乡大桥村,160
尉氏县城文化路中段,106
尉氏县城尉东市场,191
尉氏县城人民路中段,104
尉氏县南曹乡南曹村,160
尉氏县十八里镇申庄村,143
尉氏县十八里镇十八里街,177
尉氏县人民路西段,129
封丘县黄陵镇黄陵村,154
封丘县黄德镇黄德村,115
封丘县留光镇留光村,146
宝丰县石桥镇石桥村,239
宝丰县商酒务镇商酒务村,145
宝丰县周庄镇西商农博园,115
宝丰县周庄镇周庄村,102
宜阳县高村乡高村,101
宜阳县香鹿山镇段村,205
宜阳县韩城镇西关村,288
宜阳县韩城镇东关村,102
宜阳县锦屏镇高桥,238
宜阳县盐镇乡石陵村,154
宜阳县盐镇乡盐镇村,417
宜阳县白杨镇白杨市场,153
宜阳县白杨镇白杨五区,164
宜阳县柳泉镇柳泉村,217
宜阳县城关镇育新街,122
宜阳县城关镇红旗西路,140
宜阳县城关镇红旗中路,104
宜阳县三乡镇西村,104
宜阳县三乡镇东村,153
宛城区茶庵乡茶庵村,110
官道口镇官道口街,101
宏远市场,195
安阳市汤阴县韩庄镇升顺电商产业园,211
安澜大道东侧,113
宁陵县黄岗镇幸福街,245
宁陵县阳驿乡阳一东村,227
宁陵县阳驿乡东村,115
宁陵县逻岗镇清水河畔小区,159
宁陵县西湖商城电商园,466
宁陵县西湖商城,183
宁陵县永乐北路科创电商产业园一楼,206
宁陵县柳河镇,580
宁陵县新吾北路,120
宁陵县建设西路,161
宁陵县建设东路,118
宁陵县城关镇骊山路,915
宁陵县城关镇长江路,392
宁陵县城关镇珠江路,1166
宁陵县城关镇永乐路,110
宁陵县城关镇永乐南路路西,1034
宁陵县城关镇永乐北路,302
宁陵县城关镇新吾北路,911
宁陵县城关镇张弓北路,1290
宁陵县城关镇建设西路,753
宁陵县城关镇信陵西路,271
宁陵县城关镇人民东路,494
宁陵县华堡镇幸福路,907
宁陵县信陵西路,133
宁陵县乔楼乡,245
季节性流动经营,107
孟津县麻屯镇麻屯街,248
孟津县会盟镇陆村,141
孟庙镇杜李村,103
孟州市南庄镇桑坡村商贸大道,206
孟州市南庄镇桑坡村,157
太康县逊母口镇东街,135
太康县返乡创业园,823
太康县电子产业园,101
太康县毛庄镇黄河路北段,102
太康县毛庄镇黄河路中段恒大帝景,761
太康县毛庄镇黄河路中段,711
太康县毛庄镇黄河路,124
太康县毛庄镇银城南路与黄河路交叉口,495
太康县毛庄镇返乡创业园,570
太康县毛庄镇电子产业园,603
太康县毛庄镇淮河路中段上海花园,827
太康县毛庄镇淮河路,298
太康县毛庄镇楚庄,104
太康县毛庄镇文体路万达金麟府,815
太康县毛庄镇文体路,142
太康县毛庄镇少康大道与灵云路交叉口,548
太康县毛庄镇刘化匠村,112
太康县毛庄镇产业集聚区少康大道南段,383
太康县毛庄镇万达金鳞府,449
太康县毛庄镇万成商贸,106
太康县毛庄镇万城嘉年华,120
太康县毛庄镇万城商贸,158
太康县朱口镇西街,128
太康县朱口镇朱口西街,157
太康县城关镇建设路北段,109
夏邑县罗庄镇开发区（季节性流动经营）,129
夏邑县罗庄镇中心社区,194
夏邑县城关镇建设路南段路东,106
夏邑县城关镇人民路中段路北,113
夏邑县商贸港电商区,232
夏邑县何营乡何营新街,166
城关镇南干道,109
城乡一体化示范区农产品批发市场瓜果区,164
圪垱店乡圪垱店村,112
固始县观堂乡街道,105
固始县洪埠乡街道,186
固始县段集镇街道,217
固始县杨集乡街道,177
固始县方集镇街道,261
固始县城关淮河路中段,104
固始县丰港乡桥沟街道,112
回车镇老庙岗村,288
商贸城,127
商水县黄寨镇市场,222
商水县魏集镇市场,216
商水县郝岗乡市场,228
商水县舒庄乡市场,174
商水县胡吉镇蒋桥工贸区,128
商水县胡吉镇市场,173
商水县练集镇综合市场,104
商水县练集镇市场,173
商水县白寺镇市场,233
商水县张明乡市场,144
商水县张庄乡李寨市场,107
商水县张庄乡张庄市场,160
商水县平店乡平店市场,141
商水县巴村镇巴南市场,506
商水县姚集乡姚集市场,154
商水县大武乡大武市场,178
商水县城章华台路,119
商水县城新城路,107
商水县城健康路,163
商水县城五彩城南段,123
商水县城五彩城北段,128
商水县固墙镇市场,135
商水县固墙镇固墙市场,182
商水县化河乡化河市场,111
商桥镇大闫村,118
商桥镇商西村,161
商桥镇商南村,209
商桥镇刘孟村,116
商城县城关镇长安市场,141
商城县城关镇花园路中段,140
商城县城关镇崇福大道东段,123
商城县上石桥镇街道,234
商业城,104
商丘市虞城县界沟镇朱桥口,184
商丘市睢阳区闫集乡东街,133
商丘市睢阳区郭村镇南街,211
商丘市梁园区金鹰批发市场,111
商丘市梁园区梁园市场鞋区,128
商丘市梁园区凯旋商城,168
商丘市梁园区光彩市场一区,107
商丘市梁园区京陇商贸城丙区,159
商丘市梁园区,137
商丘市城乡一体化示范区农产品批发市场肉食区,165
商丘市城乡一体化示范区农产品批发市场瓜果区,157
商丘市城乡一体化示范区农产品批发市场四季冷库,118
商丘市城乡一体化示范区农产品中心批发市场蔬菜区,162
商丘市城乡一体化示范区农产品中心批发市场瓜果区,136
商丘市城乡一体化示范区光彩市场二区,117
商丘市城乡一体化示范区光彩市场一区,341
商丘市城乡一体化示范区光彩市场,124
商丘市城乡一体化示范区亿丰国际博览城,172
商丘市城乡一体化示范区中原佳海商贸城二期,126
商丘市城乡一体化示范区中原佳海商贸城一期,143
商丘市城乡一体化示范区中原佳海商贸城,729
唐河县龙潭镇龙潭街南段,119
唐河县马振抚镇马振抚街,146
唐河县郭滩镇郭滩街,208
唐河县苍台镇苍台街,261
唐河县祁仪乡祁仪街,234
唐河县王集乡王集街,174
唐河县源潭镇源中街,241
唐河县毕店镇毕店街,138
唐河县桐河乡桐河街,110
唐河县桐寨铺镇桐寨铺街,575
唐河县昝岗乡昝岗街,191
唐河县文峰街道解放路东段,151
唐河县文峰街道新春路中段,138
唐河县文峰街道文峰路北段,110
唐河县文峰街道文峰路中段,219
唐河县文峰街道建设路东段,210
唐河县文峰街道友兰大道东段,110
唐河县文峰街道农贸市场,108
唐河县张店镇张店街,108
唐河县少拜寺镇涧岭店街,129
唐河县少拜寺镇少拜寺街,247
唐河县少拜寺乡少拜寺街,118
唐河县大河屯镇大河屯街,375
唐河县古城乡古城街,211
唐河县古城乡井楼街,228
唐河县上屯镇丁岗街,325
周口市黄淮市场西区,111
周口市黄淮市场东区,164
周口市麒麟建材城,148
周口市淮阳区城关回族镇新华大街,110
周口市沈丘县,526
周口市开发区黄淮市场东区,185
周口市开发区太昊路东,133
周口市川汇区蔬菜乡闫庄村六组白庄,105
周口市川汇区华耀城A区,2468
周口市太昊路,169
周口市太康县未来路合发利创业园区,152
周口市太康县城关镇北大街,167
周口市商水县胡吉镇北康庄一组,197
周口市商水县张明乡沟西村,116
周口市商水县张明乡东老门潭村,173
周口市商水县姚集镇骆庄村,110
周口市五一路与莲花路交叉口麒麟建材城,126
周口市中原路黄淮市场东区,141
叶县昆阳商城,283
叶县常村镇常村街,108
叶县夏李乡夏李街,101
台前县人民路东段,113
召陵区阳山路东城办电子产业园,131
召陵区老窝镇五七街,167
县城灌河路南段,153
县城灌河路,182
县城丹江大道,144
原阳县齐街镇北街村,118
原阳县福宁集镇东庄村,144
原阳县福宁集镇东寨村,134
原阳县官厂乡官厂村,115
原阳县官厂乡商业街,159
原阳县城关镇西干道,140
原阳县城关镇胜利街,133
原阳县城关镇新华街,104
原阳县城关镇文岩街,114
原阳县城关镇府君庙街,114
原阳县城关镇小北街,101
原阳县城关镇博浪沙街,111
原阳县城关镇南干道,148
原阳县城关镇北干道,202
卫辉市李源屯镇车站,102
卫东区工人镇雅景湾一楼,783
卫东区光华路蒲城办事处吉祥电子厂,376
卫东区光华路平安大道辛北村,116
卧龙区光武街道百里奚路光彩大市场,218
卞路口中心街,268
南阳市车站路永诚商厦,191
南阳市车站路,109
南阳市示范区华耀城副食百货区,115
南阳市新华西路,178
南阳市文化路,151
南阳市工业路,205
南阳市宛城区工农路,119
南阳市宛城区孔明路建业凯旋广场,122
南阳市官庄工区胜利路东头,1047
南阳市唐河县泗洲街道新华路,127
南阳市唐河县泗洲街道人民路,107
南阳市唐河县文峰街道文峰路中段,115
南阳市唐河县文峰街道文峰路,133
南阳市唐河县文峰街道建设路东段,145
南阳市卧龙路,109
南阳市卧龙区车站街道办事处车站路,127
南阳市卧龙区工业路,128
南阳市卧龙区卧龙路,119
南阳市卧龙区光武街道光彩社区百里奚路光彩大市场,131
南阳市医圣祠街,194
南阳市八一路,158
南阳市光彩大市场,177
南阳市中州路,102
南阳市中商农产品批发市场,130
南阳市七一路,137
南街集贸市场,102
南召县石门乡老街,150
南召县崔庄乡崔庄街,159
南召县人民路南段,116
南召县云阳镇人民路中段,148
华夏大道,265
北关区安漳大道与东风路交叉口向东,114
北关区,117
包屯镇包屯街,108
刘楼乡郑和路,110
凤城大道,163
内黄县万洋国际广场,125
关林皂角树村第二市场,187
关林市场,334
兰考县胜利路北段,133
兰考县张君墓镇张南村,139
兰考县孟寨乡孟寨村,221
兰考县南彰镇南彰村,207
光彩市场B区,128
光山县罗陈乡街道,108
光山县泼陂河街,144
光山县寨河镇街道,141
光山县宝相寺市场,138
光山县城弦山南路,119
光山县城宝相寺市场,241
偃师市高龙镇火神凹,274
偃师市顾县镇顾县村,257
偃师市翟镇翟西村,127
偃师市翟镇翟东村,119
偃师市缑氏镇缑氏村,253
偃师市李村镇李村街,114
偃师市府店镇府西村,249
偃师市府店镇府南村,287
偃师区府店镇府西村,182
偃师区府店镇府南村,143
信阳市羊山新区国际商城,227
信阳市羊山新区南京路,150
信阳市浉河区新华市场,158
信阳市浉河区新华东路,124
信阳市浉河区工区路,416
信阳市浉河区东方红大道,186
信阳市浉河区万家灯火,196
信阳市明港商贸城,102
信阳市明港中山街,169
信阳市明港,134
信阳市平桥区建材港,118
信阳市国际商城,197
伊滨区李村镇,294
伊川县江左镇江左村,116
伊川县平等乡,111
人民路,147
人民大道东段路北,111
亳城乡西亳城村,119
交通路中段天龙市场,264
五里桥镇走马岗村,104
五里桥镇葛营村,117
五里桥镇封店村,105
五星乡大拱桥村,134
五星乡五星集,107
习城乡甘露集,110
义马市滨河路,124
临颍县窝城镇窝城村,103
临颍县皇帝庙乡皇帝庙村,119
临颍县瓦店镇瓦店村,139
临颍县王岗镇谢庄村,103
临颍县王岗镇水牛宋村,109
临颍县王岗镇梁岗村,146
临颍县王岗镇南村,195
临颍县王岗镇北村,229
临颍县王孟镇潩民路工业区,142
临颍县杜曲镇朱集村,104
临颍县新城区,153
临颍县,140
中牟县黄店镇黄店村,131
中牟县郑庵镇鑫泰汽车产业园,103
中牟县万邦粮油市场B,165
中牟县万邦物流园冻品区D,144
中牟县万邦物流园B,132
中牟县万邦物流园A,252
中牟县万邦物流园,139
中牟县万邦干果市场B,160
中国(河南)自由贸易试验区洛阳片区高新区河洛路,175
中原国际商贸城A,144
中原区颖河路,114
中原区陇海西路,125
中原区秦岭路,200
中原区棉纺西路,248
中原区桐柏北路,109
中原区建设西路,131
中原区工人路,101
中原区伏牛路,138
中原区伊河路,230
中原区中原西路,166
中原区中原中路,584
东方文化商业步行街,115
东姚镇东姚村,133
东城区雪枫路,144
东城区芒山路中段,102
东城区曹楼市场,133
上蔡县白云观市场,134
上蔡县无量寺集,119
上蔡县崇礼乡崇礼集,228
上蔡县大路李集,105
上蔡县和店镇和店集,110
上蔡县党店镇党店集,110
上蔡县五龙乡五龙集,107
上蔡县东岸乡东岸集,132
上官镇上官村,127
,908
